-639.846398,-20.218160,13.121703,0.969719,-3.319413,-0.627030,-1.159837,0.139661,0.279395,0.086965,0.012903,-0.005784,-0.023486,-0.014291,0.024857,-0.008907,-0.015525,0.015673,0.017045,-0.009947,0.001211,0.003458,0.002279,0.003016,-0.000792
-733.763268,-21.981475,10.785480,7.857363,-3.559057,0.401829,0.132493,0.251757,0.334240,-0.065853,-0.040772,0.027003,0.039699,-0.020088,-0.017810,0.008152,-0.000594,0.002110,-0.000021,-0.005495,0.001496,0.004563,-0.000785,0.003759,-0.000253
-738.409551,-37.787782,11.933514,11.354662,-0.661480,1.042572,-1.184917,-0.284079,0.081354,0.091514,-0.046798,-0.015703,0.014319,-0.026341,-0.023934,-0.022260,-0.017678,-0.003029,-0.013972,0.004845,-0.003052,-0.010387,-0.003335,-0.006808,0.000996
-459.483782,-10.760582,3.922937,-0.270547,-0.469106,-0.138756,1.312407,-0.094826,0.033043,-0.098848,-0.053839,-0.012771,0.026404,0.008092,0.008039,0.022842,-0.001035,0.006235,0.007061,-0.011466,0.000584,0.000723,-0.006737,-0.002057,0.000554
3792.004367,-163.777137,290.861899,18.587519,-12.186413,-1.281770,1.498984,-3.258756,2.381384,-0.363096,0.061078,0.023793,0.033760,0.017526,-0.027647,-0.033858,0.017306,0.012762,-0.002139,-0.000149,0.000306,0.002631,-0.002736,0.008987,0.006212
4.627357,34.819345,-24.981172,6.427405,10.658807,0.542990,-0.477050,-0.622705,-0.179321,0.001420,0.085539,-0.039119,-0.052445,0.023384,-0.010791,0.001969,-0.006388,-0.003616,-0.004403,-0.000752,-0.000150,-0.003920,0.000682,-0.000222,0.000461
665.606183,180.101503,-28.148380,3.582033,-8.814873,-0.621956,-0.849018,-0.355411,-0.125069,0.051081,0.074891,-0.079877,0.009322,-0.026980,-0.002097,0.032714,-0.013688,0.007813,-0.005482,-0.009018,-0.000963,-0.003237,-0.001967,-0.003218,0.001579
-891.477032,-73.471335,20.308697,7.282321,-17.119958,2.550895,-2.223733,-0.091372,0.318237,0.423066,0.067155,0.014605,-0.015594,-0.028359,0.052664,0.023658,0.007470,0.018214,0.010350,-0.007357,-0.003247,-0.018188,-0.014860,-0.003086,-0.001756
-821.115212,-55.223776,22.384309,5.844908,-8.861902,2.359763,-1.271099,0.558803,0.128206,0.083127,-0.054992,0.034905,0.014673,-0.013379,-0.000155,0.026761,-0.027425,0.018018,0.002845,-0.017910,-0.001635,0.004921,0.004793,0.006213,-0.001117
-537.567388,-51.728014,3.189045,-6.686045,-8.058153,2.193351,3.036629,0.071029,0.352272,-0.007663,-0.051173,-0.121560,0.000641,-0.031433,-0.034425,0.015773,-0.000491,0.015241,0.007739,-0.003967,-0.005614,-0.000311,-0.003629,0.000025,-0.000848
-316.004060,26.121440,-13.393276,4.851327,1.816570,-0.918976,-0.152720,-0.528270,-0.107663,-0.056458,0.009363,0.019840,-0.001399,0.015373,0.004111,-0.001109,0.000689,0.002249,-0.005929,0.003989,0.004587,-0.005490,-0.002730,0.000062,-0.001335
-391.939430,30.959706,0.689695,2.184578,5.093728,-0.923739,-0.236800,0.185720,0.247424,0.019974,0.084767,-0.081018,-0.064397,0.022280,0.020215,-0.029512,0.000564,-0.006906,-0.004025,-0.009492,0.005720,-0.000126,0.001949,-0.000268,0.000114
-800.185439,-41.236651,28.336627,10.836700,2.941412,-0.079647,-1.962419,1.074037,0.339713,0.296310,-0.142201,0.014546,-0.080904,0.012772,0.038784,-0.009674,0.008455,0.009985,0.013347,0.002639,-0.030764,-0.018375,-0.004483,0.016678,-0.000601
1280.815820,33.519777,-34.541414,9.235935,-5.273085,1.346780,2.308180,0.906020,-0.280992,0.037099,0.077581,-0.020311,-0.075454,-0.032913,-0.014794,-0.013117,0.009873,-0.004353,0.002714,-0.006196,-0.002448,0.004993,-0.002030,-0.003703,-0.002453
-407.600518,22.278445,1.937464,3.776374,1.724104,-0.606289,-1.180540,-0.151384,-0.185658,-0.166084,0.005556,0.002573,-0.030379,0.015156,0.003416,0.003893,-0.008107,-0.015417,-0.006996,-0.005056,-0.000336,-0.000860,-0.002062,-0.003241,-0.000573
-545.887121,7.237064,4.647195,-1.901313,-10.096833,-0.265266,-0.889795,-0.022940,0.110269,-0.194446,-0.024023,0.041889,0.071840,0.021825,0.009516,-0.014211,0.011908,-0.012470,-0.002962,-0.002423,-0.003344,-0.000668,0.001668,-0.000231,-0.001486
-399.829990,26.297567,8.510360,1.243626,2.929342,-1.321976,-0.773655,0.136917,0.168577,-0.112056,0.041671,-0.033407,-0.051172,0.004688,0.013768,-0.017024,0.009400,-0.014370,0.000318,-0.004394,-0.003347,0.002495,-0.003321,-0.001702,-0.001630
-11.056951,52.104568,-13.412534,-12.189462,-6.066399,-1.843647,2.503562,0.601109,0.685180,-0.017867,0.045333,-0.016341,-0.036784,-0.028611,-0.021156,-0.005863,-0.016376,0.006353,-0.002522,-0.000571,0.003219,-0.007817,0.008312,0.004754,-0.000009
-24.976817,-133.855319,1.694670,-6.299026,1.346112,2.722040,0.832490,-0.465417,-0.950436,-0.002657,-0.045060,-0.131730,-0.004133,0.013912,0.009440,-0.006432,-0.000002,0.001995,0.005168,-0.006034,-0.005520,-0.003455,0.001171,0.001248,0.001266
-746.199847,-42.145747,28.220143,-0.729257,-16.524180,1.030412,-2.586548,0.925185,-0.343072,-0.057421,-0.011056,0.027697,0.008027,0.021683,-0.019518,0.015681,0.001589,-0.021343,0.004006,-0.002719,0.004501,-0.002874,0.000573,-0.001496,-0.004576
69.726313,33.929954,-26.924452,-0.498072,-4.177621,0.799796,3.102870,-0.149569,-0.335933,-0.179044,0.043566,-0.030451,-0.017664,0.036143,0.016831,0.003365,0.007767,-0.005401,0.006399,-0.002453,0.000550,0.000955,-0.001326,0.001523,0.000927
102.989861,-1.866236,-29.223102,-19.853853,-18.743483,-0.121482,1.388241,-0.461465,0.406449,0.004169,-0.087036,0.008617,-0.019292,-0.021338,-0.006594,0.018404,0.004600,0.001614,-0.019160,0.011297,0.008680,-0.003231,-0.000933,-0.004073,-0.000467
81.823447,-26.661351,-19.152788,-2.897614,-3.981048,0.189653,0.771095,-0.318249,-0.331780,-0.098654,0.015595,-0.048566,-0.012827,-0.012741,-0.020342,-0.018533,0.009312,0.014387,-0.000027,0.003144,0.003574,-0.005657,0.007450,0.003694,-0.002485
-157.533056,-0.412083,-6.059396,-14.871451,-3.377611,2.067494,0.743965,0.206723,-0.341183,-0.026145,0.006906,0.091688,0.115041,-0.016701,0.002545,-0.016526,-0.013220,0.001370,-0.005417,0.005528,-0.005665,-0.008424,0.003243,-0.008766,0.000632
-747.910064,-43.934241,13.474283,3.111943,-11.102144,1.585111,1.478012,0.346215,0.200595,-0.056233,-0.046559,0.016688,0.001788,-0.026019,-0.004855,0.000115,-0.013422,0.008109,0.006096,0.004265,0.000972,-0.001370,0.000235,-0.000395,0.000743
-727.818433,-33.705123,11.050079,14.200260,5.112309,1.046406,-0.799653,-0.200680,0.066104,0.032156,-0.073188,0.022432,0.047187,0.028556,0.003853,0.019970,-0.002950,-0.009909,-0.007689,0.008669,-0.000036,0.000743,-0.000661,0.002021,-0.001060
257.188277,-18.535108,-15.864544,-6.498964,-1.126250,-0.244259,1.289926,-0.210373,-0.067748,-0.132044,-0.096254,0.001237,0.034699,0.018702,0.019084,0.015574,0.015022,0.008597,-0.001169,-0.007007,0.008181,-0.000804,0.000242,0.003862,0.000458
412.752865,26.821353,-10.280786,-5.397814,-7.974170,-0.950600,0.744147,-0.260423,-0.275270,0.105719,0.145705,0.015897,-0.080150,0.003919,-0.006606,-0.009651,-0.002741,0.010796,-0.005931,-0.015460,-0.002785,-0.010208,0.000756,-0.001752,0.001279
1798.356212,-257.282895,-46.742781,16.096035,-7.375539,-0.433278,1.107030,0.840639,-0.256343,-0.155545,0.050004,0.023269,-0.014967,-0.021201,0.014664,-0.000343,0.010110,0.009342,0.006254,-0.001625,0.003154,-0.001519,0.004691,-0.000453,-0.002257
1002.580820,-138.830144,-11.035790,-1.284239,-1.831006,-0.858927,2.636384,0.145397,-0.191353,-0.036390,0.071600,0.109856,-0.016307,0.016129,0.009265,-0.015097,0.008783,0.029316,0.000209,-0.001407,0.002365,-0.007525,0.005857,-0.002797,0.003264
2752.467734,154.917755,-69.646313,35.919469,-15.941111,6.383699,1.299213,1.558224,0.634299,0.380598,-0.220531,0.019587,-0.056278,-0.011827,0.005894,-0.005666,0.005479,-0.009128,0.006167,-0.009060,0.000664,0.010003,-0.003447,-0.001539,-0.000439
-521.150826,-32.101437,2.047204,-0.452973,-5.761895,0.830917,-0.011841,-0.325748,-0.054668,0.090708,0.047340,-0.049607,-0.006643,0.012203,-0.033479,0.009268,-0.025055,0.011133,-0.007610,0.000161,-0.000838,-0.013082,-0.008220,-0.004926,-0.000869
-820.544132,-56.577646,11.504441,11.888277,1.394774,3.694399,0.103352,-0.197680,0.502379,0.106150,-0.034489,0.013624,-0.010685,-0.029506,-0.021975,-0.008777,-0.011982,0.009192,-0.001100,0.009913,-0.000543,-0.001975,-0.003195,0.000831,-0.001029
-157.289514,-63.767480,-2.094298,-10.382061,1.887080,1.551793,0.398306,-0.131043,0.156129,0.021711,0.014743,-0.056566,0.039030,-0.034302,-0.031941,-0.007381,0.014441,-0.006123,0.008367,0.011551,-0.002739,0.002461,-0.001357,-0.000610,-0.001839
863.495298,287.811191,-57.752172,11.030730,2.490729,2.161957,1.828572,0.195873,0.232888,0.082325,-0.063340,-0.028480,-0.007769,-0.023829,0.018831,0.007163,0.022417,-0.010010,0.012932,0.009510,-0.007872,0.002595,-0.001110,-0.003310,-0.000342
-303.008534,0.687008,-10.223596,2.907755,0.283924,-0.627508,-0.114418,-0.555977,-0.133141,-0.008803,0.002064,-0.026145,-0.056441,-0.009979,-0.000435,-0.017094,0.002185,-0.010855,-0.013370,-0.006248,0.003438,-0.010534,-0.001818,-0.003177,-0.000951
-252.877115,45.033433,-1.577668,-7.661600,-9.060865,-2.456561,-1.730984,0.168875,-0.067821,-0.177367,-0.028298,0.042693,-0.046674,-0.020784,-0.010476,-0.009150,-0.009410,0.009280,0.012405,0.003188,0.001245,0.004824,0.000909,-0.001584,0.000978
-626.363849,-26.304946,18.838855,0.894996,-0.295072,0.154818,-1.507383,0.842831,0.030981,0.105772,-0.048397,0.036156,-0.007320,0.018010,-0.012028,-0.011086,0.004969,-0.003807,-0.000438,-0.015485,0.003193,-0.000291,0.005891,0.000951,-0.001037
-208.287191,36.380911,-8.739281,7.464943,6.653111,-1.062839,1.250626,-0.218133,-0.236659,-0.147376,-0.006726,-0.004565,-0.057505,0.004179,0.008758,0.008168,-0.017270,0.001391,-0.004378,0.002001,-0.003859,0.000766,-0.000521,-0.002096,-0.000092
-676.339690,-10.676719,14.478859,3.494581,-2.587983,-1.623535,-2.123411,0.060477,0.436252,0.035002,-0.098493,0.006092,-0.025767,-0.015889,0.018621,0.008346,0.005130,0.013479,0.012594,-0.000750,0.000995,0.005791,0.001804,0.002039,0.001775
-210.289359,31.872624,-0.161577,1.846521,4.096400,-0.179246,0.514959,0.042529,-0.382439,-0.147708,0.037138,0.006256,0.012017,0.007491,0.003607,0.004743,-0.002731,-0.002438,-0.003991,0.005463,0.000106,-0.003615,-0.001615,-0.002616,0.000233
-276.478851,8.347512,-0.594480,-9.343493,-18.054634,-1.746983,-0.089242,-0.070642,-0.182098,-0.243016,-0.099737,-0.020464,-0.040776,-0.002658,0.000510,-0.015214,-0.011009,-0.003038,0.008582,0.004705,0.000893,0.008569,0.000644,0.000790,0.000219
-594.549182,-15.576184,1.620451,5.134466,2.561815,1.149621,0.510893,-0.269550,0.248136,-0.062897,-0.010577,0.023514,0.035713,0.012082,0.011988,-0.006140,0.022564,-0.015158,-0.003933,-0.005779,0.000882,-0.001116,-0.005103,0.000389,0.000273
-619.949515,-45.492050,12.330204,1.555360,3.680905,2.753118,0.417830,0.223208,0.013719,0.102966,0.048353,0.013216,-0.018345,0.004015,0.013631,-0.001493,0.010885,0.008927,0.001870,-0.001053,-0.001170,0.002540,0.000683,0.002571,-0.000979
129.003090,-188.687821,2.098029,-16.670090,-5.435289,1.869418,4.059205,0.331847,-0.376697,0.072939,-0.137878,0.028616,0.019943,-0.035368,0.015821,0.020136,-0.023174,0.011798,-0.011652,-0.010173,0.002965,-0.000080,-0.007461,-0.001285,-0.000145
-698.647134,-13.609412,3.453492,7.133255,-1.289847,0.522576,0.001140,-0.166398,0.516316,0.000880,-0.001500,0.018706,-0.017686,-0.021261,-0.004989,-0.010426,-0.007444,0.002458,-0.006826,0.005785,-0.007768,-0.008737,-0.002554,-0.005488,-0.000019
-680.578014,-35.955913,12.148776,4.305048,-4.814499,1.243597,1.756809,0.333989,0.155546,-0.045080,-0.080142,-0.019194,0.012115,-0.000613,-0.006930,-0.003000,0.007930,0.006797,-0.000859,-0.005122,0.001575,0.002316,-0.000107,0.001125,-0.000453
-360.664586,15.692249,-9.782990,0.763430,5.855484,-0.852208,0.073517,-0.444210,0.275009,-0.054293,-0.119282,0.037987,0.002431,0.030580,0.009948,0.016196,0.005185,0.014643,0.010950,-0.007134,0.006526,0.008747,-0.002562,0.001759,0.000313
2645.446934,-58.957036,-37.603963,23.917687,3.679181,3.770448,-0.775830,0.950618,1.294703,0.058593,-0.134412,0.077603,-0.010513,-0.001204,0.021995,0.003520,-0.025526,-0.031507,-0.011264,-0.013021,0.003740,0.006965,-0.002683,-0.000130,0.001368
197.879742,179.975398,0.038411,-3.510390,-5.502635,-2.625480,-2.469420,-0.145928,0.154988,-0.117454,0.059674,-0.081251,-0.046426,-0.022198,0.084739,-0.019287,-0.044111,0.048565,-0.015735,-0.004137,-0.014006,0.002113,-0.001861,0.007152,0.012422
-260.282421,-31.883571,-15.601427,-6.839073,-1.518319,1.638684,-0.379719,-1.111446,-0.448288,0.265436,-0.108584,0.007889,-0.004366,-0.004504,-0.005299,-0.022006,-0.001847,-0.010503,-0.004813,-0.003077,0.003635,0.005215,-0.004067,0.002566,-0.000005
298.231211,-133.626645,-18.460608,-22.992047,2.560223,5.871024,-0.916780,-1.272557,0.461524,-0.258743,-0.016040,-0.013286,0.009774,-0.003197,0.018577,0.013391,-0.010180,-0.008229,-0.002415,-0.014631,-0.000727,0.011397,-0.002635,-0.004332,0.002357
872.242413,4.757966,-40.701712,-7.556679,1.588082,4.596147,-0.413250,-0.324844,0.489084,-0.362950,-0.046912,0.129038,-0.072699,0.022805,0.037577,-0.000236,0.001614,0.014860,-0.021007,-0.002520,0.007889,0.006497,0.002290,-0.004247,0.002352
-303.888110,-37.841010,-2.746202,-10.793358,-0.462598,0.803569,-0.503322,-0.646625,0.451458,0.195737,0.053394,-0.006589,-0.014319,-0.034758,-0.018922,0.015887,0.011454,0.001543,0.006663,0.006150,0.002502,-0.011969,0.001376,-0.002864,0.000148
449.380001,-29.264843,-2.306009,-6.375026,-2.647152,-2.749166,0.094567,0.025240,-0.161216,0.224211,-0.010119,-0.080889,0.060818,-0.014653,0.001168,0.031132,-0.004287,-0.030371,-0.019633,-0.006314,-0.004744,0.002640,-0.002654,0.004140,-0.003129
934.365017,86.581756,31.830276,-7.418221,-0.281165,-2.020182,-0.579499,0.839171,-0.230149,0.091404,-0.026889,-0.021420,0.044394,0.020051,-0.007766,0.002988,0.003965,0.008250,-0.001034,0.011666,-0.002756,0.006145,-0.009124,-0.001767,-0.004110
288.139156,-74.315521,76.195169,-29.687133,8.246360,-2.008003,0.408786,1.753413,0.323334,-0.072457,-0.195774,-0.110332,-0.012208,0.010910,-0.015101,-0.016983,0.015822,-0.015578,0.017023,-0.005376,0.022502,-0.019163,-0.010283,0.001752,0.002090
-12.661380,113.157550,-9.165684,-3.568174,-3.697140,-1.971110,-1.983468,-0.093955,0.107795,-0.139556,0.008381,-0.003022,0.043728,0.003263,0.006961,-0.011011,0.000055,0.006793,-0.007191,-0.006111,0.001485,-0.002044,0.000741,-0.005056,0.003254
750.536522,-6.790126,-18.167596,2.650738,-4.147736,-0.573015,1.051556,0.212155,-0.407033,0.038227,0.039432,-0.046313,0.025294,0.036061,-0.019421,0.014402,-0.012311,0.011128,0.003576,-0.000935,-0.000687,-0.003148,-0.006087,0.000016,-0.000061
264.636320,12.937567,-14.910458,-6.634333,-1.985360,-1.431741,-0.136747,-0.233815,0.242047,0.315301,0.035953,-0.010803,0.134624,0.045529,-0.052278,-0.039895,0.002062,0.003048,-0.003083,-0.005233,-0.007551,0.003584,-0.002502,0.002978,0.000453
-697.779837,-13.298248,10.132043,-0.580825,-16.523299,-0.850764,-1.474646,-0.175737,0.355272,-0.019095,0.038830,-0.034359,-0.013973,-0.045910,-0.004142,-0.015005,-0.002996,0.002850,-0.000052,-0.000091,0.001138,-0.002636,-0.002849,-0.003212,0.002223
514.227163,-44.786951,-25.109720,-14.138720,-19.015753,-2.480132,-5.634992,-1.284308,-1.208491,0.359771,-0.168416,0.015931,-0.039757,-0.063801,0.032214,-0.018489,0.011370,-0.019145,-0.005316,-0.006488,0.005832,0.001017,0.006121,0.006434,-0.002270
-646.472046,5.243692,4.350000,11.897951,5.569196,-0.255168,-0.358102,-0.014496,0.192331,-0.099311,0.003509,-0.012545,-0.029815,0.011957,0.004589,-0.011393,-0.002500,-0.023597,0.003999,-0.003970,-0.004840,0.006182,0.007895,-0.004926,0.001780
-318.652056,3.105300,7.057279,5.423390,7.090810,0.083676,-0.199444,-0.100883,-0.482161,-0.155921,0.009203,-0.021189,-0.038561,0.024582,0.005947,0.005739,-0.002659,-0.011196,-0.000193,0.003959,0.003204,0.000611,0.002992,0.002971,-0.000530
500.699122,97.653642,24.528733,-1.874950,3.282390,-2.765811,0.976879,-0.300023,-0.112901,-0.057336,-0.077834,-0.007991,0.035978,-0.012643,0.027121,0.026048,-0.003887,-0.022946,0.006626,0.004344,-0.007301,0.003395,-0.000041,0.001444,-0.004082
309.911993,-45.452452,12.476071,-2.922445,4.756656,-1.185907,0.864935,0.153704,-0.605799,-0.005669,-0.025679,-0.039394,-0.014463,0.025592,0.002334,0.008581,0.006978,0.007037,0.006910,0.001563,0.000659,0.000315,-0.001572,-0.003211,-0.000048
870.598400,83.173619,-35.486440,-0.024583,4.048367,3.128067,-1.600149,-0.682444,-0.307275,0.004426,-0.014974,-0.035493,-0.044474,-0.005510,0.018657,0.036441,0.008378,0.011558,0.007605,0.006073,-0.007239,0.006374,-0.002640,-0.004752,0.001073
810.300204,93.956518,-28.322367,0.700463,-7.913750,-2.259665,0.464755,-0.459388,0.296519,0.121398,0.075473,-0.014032,0.051199,-0.016065,0.038532,0.044114,0.010111,-0.044315,0.002051,-0.001654,0.002788,-0.006024,0.000374,0.005881,0.000513
-349.443781,29.452920,-7.610362,-2.440210,-11.729217,-1.314254,0.258846,-0.375649,-0.104346,-0.179351,0.026006,-0.034637,0.010611,0.001178,-0.003092,0.013826,-0.001692,0.003858,0.001722,-0.000358,0.001724,-0.000932,-0.003392,-0.000619,-0.000748
-865.800459,-78.883619,26.322711,6.260933,-15.743622,3.800657,-3.117861,0.223054,-0.197798,0.138990,-0.114509,0.021190,0.040665,0.009287,-0.003149,0.011104,-0.000234,-0.018026,0.006224,0.017410,-0.001913,-0.005711,-0.003999,-0.004334,-0.000951
160.362027,-106.772295,-7.014310,-4.191744,-0.318578,1.261793,1.343109,-0.053921,-0.731029,-0.003719,-0.042466,-0.099369,0.003965,-0.004261,-0.015554,-0.025624,-0.005305,0.004806,-0.000575,0.003140,-0.005650,0.001081,0.002699,0.004584,-0.000735
576.901062,57.093596,-48.669710,6.602591,0.050665,0.683210,0.696335,-0.151966,-0.178028,-0.017077,0.060328,-0.000064,0.026886,0.015876,-0.019375,-0.009098,0.000495,0.002179,0.008536,-0.004185,0.002641,-0.001533,-0.002625,0.003986,-0.001338
371.885151,-100.328803,-10.916270,-8.454503,2.179799,-2.135697,1.807174,0.494750,-0.285641,0.227682,-0.208396,-0.047012,-0.002769,0.007868,-0.013667,-0.000619,0.002023,0.010239,0.011650,0.006959,0.004140,-0.003421,-0.006875,-0.004775,-0.000865
1077.403690,43.270672,-53.455672,2.699181,-12.888396,1.882458,0.707505,-0.220600,0.114466,-0.145687,-0.020595,-0.009132,0.028846,-0.019000,0.020332,0.024503,-0.008409,0.000574,-0.003965,0.002722,-0.000880,-0.000225,-0.000387,0.000709,-0.000416
304.060764,-36.235302,17.919349,-3.287178,4.208764,-0.396061,-0.943346,0.016421,-0.738634,-0.004831,0.059721,-0.034868,-0.003771,-0.020883,-0.016699,-0.001262,0.000043,0.007416,-0.018009,-0.009054,0.000267,-0.007006,-0.007168,-0.002579,0.001029
131.036460,52.253087,-25.596063,-6.299073,5.646412,-0.830346,0.105400,-0.179128,0.447780,0.065541,-0.075098,-0.027141,-0.066285,0.004106,0.013251,0.011495,0.005344,-0.021452,-0.001755,0.005138,0.004069,0.001341,0.004704,0.001048,0.000304
-310.485244,7.598297,-4.201322,1.663340,5.678607,0.069504,0.239923,-0.392415,0.121431,0.012122,0.012053,-0.011411,0.092664,0.024182,-0.007977,0.001341,-0.029897,-0.002803,-0.009182,0.005297,-0.001101,-0.009726,-0.000189,0.001720,0.002061
434.069022,38.016057,20.730502,-8.230504,2.254703,-0.272457,-1.183256,0.445810,-0.336744,-0.156290,-0.061818,0.052011,0.010325,0.013057,0.010287,-0.026457,0.020922,0.023595,-0.011440,-0.002688,-0.016077,0.002209,-0.004553,0.003989,-0.002176
770.222299,121.128425,-22.995485,-7.989390,-2.757064,4.113342,2.562351,0.842742,-0.166145,-0.183668,0.079169,0.011489,0.096700,-0.017491,0.002269,-0.018710,0.000857,-0.016235,0.004760,-0.000162,-0.007619,0.002329,0.007331,0.000377,-0.000727
-139.960454,14.199214,-16.231614,0.944638,0.825689,0.503290,0.463064,-0.407667,-0.214966,-0.153333,0.029500,0.032947,-0.030776,0.032127,0.020703,-0.008242,0.017555,-0.012837,-0.007138,0.006142,0.005648,-0.003428,0.000788,0.000471,0.000173
-209.694442,-11.039447,-15.019883,3.812048,5.221486,-0.524105,-0.805369,-0.622488,-0.258235,-0.046608,-0.070998,-0.006421,-0.002453,0.012315,-0.002943,-0.006132,-0.001410,0.010987,0.005094,0.004239,0.005847,-0.000365,0.000615,0.004867,-0.001580
-581.979800,-8.402099,18.201409,6.097053,6.656508,0.558191,-1.478814,0.689436,-0.096615,-0.045794,0.077134,0.004730,0.004953,0.033688,0.012289,-0.014104,0.000211,-0.016582,-0.005741,-0.001453,-0.002428,-0.002151,-0.000279,-0.000952,0.000651
1109.398492,-67.470051,-1.340534,-16.080124,-1.114836,1.440591,-2.703906,0.454820,0.526007,-0.298571,-0.262149,0.017363,-0.086150,0.051660,0.007380,-0.019963,0.009314,0.012889,-0.014307,0.003801,0.000237,0.013165,-0.005511,-0.008616,-0.001562
358.059252,58.328964,-32.007200,2.503336,2.957339,-0.101794,1.485444,-0.071817,-0.019646,-0.055267,-0.000526,-0.037890,0.032205,-0.030327,-0.011035,-0.012142,-0.000503,-0.005498,-0.002925,0.006156,-0.001922,-0.000867,-0.000151,0.002461,-0.000906
1650.579797,-61.552757,19.884416,-2.750926,5.576879,2.305767,-0.566918,0.791027,0.227264,-0.067827,-0.102690,-0.040071,-0.072739,0.099222,0.000037,-0.005290,-0.004945,0.018872,-0.000308,-0.005863,0.002000,0.004845,-0.003857,0.000284,-0.000141
-149.740405,-136.118758,1.463796,-10.641703,-2.843773,1.783928,-0.480703,-0.579849,-0.610841,0.256158,-0.110564,-0.027979,-0.030607,-0.032167,0.003158,0.001474,-0.005169,0.003536,-0.011901,-0.005115,-0.003456,0.001689,-0.003223,-0.002935,0.000194
871.167134,123.090253,18.575788,-22.234012,5.475099,-2.479372,0.411242,1.918795,1.263722,0.071399,-0.425965,-0.054300,0.164352,0.119710,-0.022549,-0.028154,-0.019970,0.027445,-0.005538,-0.015013,0.011346,0.000455,0.014598,-0.015742,-0.001389
1016.904070,-102.557147,-4.555488,-1.439025,4.915540,1.974535,-2.110101,-0.393435,-0.687906,-0.147809,-0.042898,-0.046879,-0.032433,-0.012034,0.014571,-0.017864,0.003964,-0.002397,0.004459,-0.006257,0.001140,0.002582,0.002735,0.000643,-0.000410
122.729511,-85.918582,-10.032017,-7.575523,6.808628,0.737505,2.327197,-0.101969,0.030770,0.048158,-0.073230,-0.021372,-0.005377,-0.035804,0.005055,0.014581,-0.000577,-0.002301,-0.010813,0.001959,0.003713,-0.007498,-0.000001,-0.003145,-0.000644
904.852613,87.959311,6.002783,-9.189137,-4.585212,-0.399785,-1.199358,0.991603,-0.858141,0.095882,-0.036006,0.047313,0.008941,-0.014643,-0.002441,-0.031366,-0.008244,0.007044,0.009240,-0.009077,-0.007931,0.008612,-0.008444,-0.010023,-0.000776
-140.084674,33.073449,1.227423,-6.552486,-1.788535,-0.401039,0.331169,0.219981,-0.073040,-0.127178,0.088914,-0.060308,0.061750,-0.005282,0.004325,0.010619,0.010803,0.003266,-0.004340,-0.005927,0.001590,-0.007287,0.002651,0.002542,0.001438
1190.239997,31.069038,-34.226566,11.170748,3.703657,2.360278,-0.335576,-0.018078,-0.420718,0.142316,0.027776,-0.014155,-0.041296,-0.023785,-0.009121,-0.003744,-0.008435,0.005200,-0.010524,-0.009090,0.004784,-0.011778,0.004568,0.001429,-0.001861
-711.605074,-16.065934,13.865889,6.969695,-4.327257,-0.834865,-1.678312,-0.020271,0.287804,-0.084793,-0.055602,0.032243,-0.020817,-0.006707,-0.002174,0.019489,0.004557,0.000951,0.002055,-0.012555,-0.004488,0.000358,0.002763,-0.001046,0.000564
762.652926,-13.251330,-6.978627,-1.243871,3.396313,1.411341,1.359007,0.163524,-0.497504,-0.085209,-0.068429,-0.047894,0.082951,0.011930,0.006485,0.002054,0.004716,0.004917,-0.004828,0.013889,-0.006798,0.000697,-0.000921,-0.001396,0.001958
-368.766234,8.291050,2.625662,-1.982701,0.796135,0.296713,-1.083524,-0.137328,-0.238629,-0.162615,-0.045860,0.056009,0.050452,0.012787,0.001391,0.003660,-0.006967,0.002186,0.004004,0.004587,0.004531,-0.000001,-0.002781,0.002227,-0.000883
312.842171,47.166688,-31.561179,-2.838968,4.768863,-0.619907,-0.297314,-0.506675,0.501608,0.017428,-0.035714,-0.048559,0.015291,-0.075645,-0.028970,-0.007701,0.017661,-0.004789,-0.014262,0.001236,0.005261,-0.004815,0.004533,-0.000016,-0.004565
-348.031590,19.095747,-10.764739,-6.964649,-2.426094,-0.586497,-0.719670,-0.647407,0.575505,-0.006652,-0.126341,0.106713,0.041821,0.030706,0.005328,-0.014308,-0.024098,-0.003513,0.004958,0.005994,0.002757,0.010430,-0.006816,-0.001101,0.001691
-300.987147,-0.202013,-0.528113,-4.675061,1.022088,0.067609,-1.471914,-0.538709,0.341653,0.021501,0.101892,-0.034299,-0.042185,0.018480,-0.015926,0.001570,-0.005020,-0.002580,-0.005295,-0.011019,0.004194,-0.006176,-0.000125,-0.000275,0.001023
-577.736248,-7.753912,2.370224,9.025370,5.986253,-0.449570,-0.182258,-0.320400,0.112393,0.044045,-0.041661,-0.007741,0.001541,-0.016964,-0.014486,-0.007238,0.003640,-0.000310,-0.000065,0.001083,0.001245,-0.000435,-0.000786,-0.000227,-0.000384
-490.691248,-13.369721,21.947546,4.294337,5.707184,0.821966,-0.055288,0.740242,-0.630138,-0.024576,0.059716,0.028112,0.057696,-0.005487,-0.013459,-0.015333,0.026796,-0.016518,-0.011972,0.001967,-0.001758,-0.003126,-0.000511,-0.002528,0.004908
-259.513172,-18.145799,-7.208099,-13.289816,6.705956,5.341317,-2.343623,-0.522685,0.430662,-0.097708,0.296558,0.032595,-0.072199,0.037643,0.001600,0.007986,0.005060,0.017937,0.003446,0.012548,-0.015391,0.004524,-0.001029,0.001885,-0.002344
420.207825,84.263382,-15.092680,3.254539,-2.655887,-0.643294,1.070002,0.174311,-1.013488,0.028786,0.145223,0.095031,0.221116,0.016042,0.004312,-0.002000,-0.018336,-0.014578,0.021544,-0.002009,-0.002705,-0.005034,0.002286,-0.005308,-0.000156
448.260418,48.194765,23.158794,-3.585791,2.526082,-4.526718,-0.228404,0.520473,-0.199262,0.109448,-0.023666,0.021296,-0.054238,-0.007548,0.010739,0.017591,-0.002811,-0.008172,-0.013353,-0.010485,-0.001750,0.001451,-0.007852,0.002889,-0.001574
-469.957773,22.717583,12.667368,6.381009,5.257361,-0.995805,-1.098741,0.125828,-0.203575,-0.127575,0.066658,0.002930,-0.000256,0.002341,-0.010386,0.000497,-0.006395,-0.016440,-0.002929,-0.004584,0.000567,0.001993,0.005648,-0.005807,0.000891
-777.228064,-66.694483,30.720256,8.079731,-3.385114,2.601038,-0.284951,0.843389,-0.272632,0.104026,-0.108404,0.030832,-0.046012,0.016115,-0.001517,0.040704,0.010452,0.006761,-0.002830,0.001386,0.000459,-0.004325,-0.001375,0.003430,-0.002557
-431.528454,62.633980,-6.168168,6.047000,-2.087437,-1.831699,-0.309965,-0.216395,0.087455,-0.227844,0.066531,-0.023380,-0.007819,-0.013835,0.002642,0.001028,-0.003222,-0.020697,0.001800,0.000687,-0.004258,0.010907,0.007837,-0.006989,0.002494
1266.759375,-228.478002,-9.665842,6.456701,3.916889,-1.866500,1.260718,0.247840,-0.211673,-0.082653,0.047806,0.044965,0.022554,-0.018678,0.002381,-0.004474,-0.009998,0.010139,-0.006258,-0.004011,0.001376,-0.002448,0.000631,-0.001342,0.000023
-511.781049,4.150467,4.784558,-0.639247,-5.427855,-1.266700,-0.220137,0.072856,0.304756,0.057326,0.106528,0.032143,-0.083371,0.022189,0.034910,-0.033872,-0.006908,-0.015621,0.007492,0.003774,-0.007859,-0.008976,-0.001130,-0.000862,-0.000169
-220.857897,16.283886,-2.716631,-1.636805,-2.114093,-0.291868,1.115329,-0.036377,-0.349856,-0.245671,-0.041391,-0.001625,-0.015868,0.016895,0.014196,-0.000153,-0.004460,-0.000752,0.007591,0.000885,-0.000586,0.001927,0.001118,-0.002049,0.000338
-109.971255,44.957656,-19.102555,2.693467,2.430455,-1.670038,0.009636,-0.340064,-0.037775,-0.040082,-0.040427,0.024584,0.075506,0.047454,-0.009943,-0.000123,-0.003503,0.015813,0.007119,-0.001321,0.006315,-0.001197,0.000636,0.003057,0.000658
58.793458,108.940488,-17.196859,-6.119986,5.615374,-1.769359,-1.179045,0.144826,0.905705,0.036409,0.013856,-0.032624,0.034007,0.015077,0.000251,0.001899,0.001636,0.001220,-0.009023,-0.005263,0.001001,-0.003988,0.000619,-0.000185,0.002110
22.762316,-3.055654,-7.455162,-1.694968,-0.290299,-0.803637,1.559590,0.019707,-0.294431,-0.077443,0.051424,-0.058088,-0.049259,0.012837,-0.000781,0.003107,0.005339,0.000215,0.004553,-0.008113,0.002686,0.001866,-0.000105,0.000074,-0.001194
1587.536856,-340.356918,-18.693759,3.148209,-16.296404,-3.558840,-0.651951,0.195776,0.030443,-0.134900,-0.006694,0.043240,-0.073056,0.042109,0.013453,-0.010119,-0.014583,0.006149,-0.012857,-0.015468,0.006196,0.001614,0.002956,-0.002324,0.001097
-122.668841,64.428958,-19.233587,-2.790912,9.708162,1.778408,-0.888963,-0.467440,0.216935,-0.181889,0.141932,0.070054,-0.011916,-0.005993,0.003940,-0.001081,0.020322,0.008210,0.003109,-0.001048,0.004163,-0.001119,-0.001547,-0.000229,-0.002251
1373.032699,-220.554479,-21.111128,8.682105,5.390942,-2.690498,0.657070,0.612930,0.205001,0.226809,-0.014349,-0.114730,0.045141,0.040422,-0.024968,0.002990,0.001074,-0.029047,0.001329,-0.002399,-0.005344,0.004550,0.000809,0.006040,0.001665
898.301292,-22.364535,-25.841043,-5.394230,-5.885001,0.776329,-0.792088,0.019540,-0.069331,-0.000301,0.090253,-0.037997,0.027045,-0.008453,-0.014748,0.042037,-0.017579,0.005861,-0.001318,0.006527,0.001616,-0.012915,-0.006177,-0.003437,0.000106
-600.236452,-5.236692,7.748476,0.403729,-7.047763,-0.627735,-1.074678,0.077348,0.139005,-0.028411,-0.006039,0.026284,0.056258,0.006385,0.009353,-0.003685,0.012448,-0.004339,0.003087,0.000130,-0.003460,0.006838,0.003912,0.005273,-0.002382
-687.259124,-42.625601,45.824304,4.446583,2.290110,0.066131,-0.170705,0.841448,0.193835,0.728359,0.356512,-0.286615,0.118745,-0.066467,0.229347,-0.032516,-0.012441,0.036369,-0.029997,0.028090,0.045976,0.026258,-0.001460,-0.009661,-0.002669
-286.355744,35.665279,-1.103745,5.597225,4.341478,-1.869684,-0.222087,-0.116188,-0.159639,-0.032366,0.040438,-0.009633,0.005194,-0.010642,-0.016199,0.000963,0.000722,-0.001925,-0.005795,-0.004772,0.000410,-0.000497,-0.000435,-0.001253,-0.000489
1192.468634,-90.821743,13.976145,-0.661916,2.319809,0.529979,-0.526199,-0.083943,-0.592828,-0.053041,0.021864,0.031043,-0.001698,-0.000901,0.013481,0.008118,0.022311,0.015779,0.002242,0.000251,-0.003258,-0.002749,-0.001385,-0.003198,0.000905
-600.311459,-42.243522,6.898739,-2.504473,-13.262973,0.586529,0.217783,-0.298156,-0.078505,-0.029456,-0.119267,-0.012634,0.064278,0.002892,-0.003748,0.002452,-0.006254,0.009357,0.003765,0.000503,0.002055,-0.002913,-0.004189,0.000998,0.000252
-128.724316,18.948732,-11.311171,-5.880163,-1.875004,-0.095458,2.432961,0.213120,0.150718,-0.143964,0.000935,-0.020538,-0.029619,-0.020139,-0.003475,-0.008992,0.015939,0.009940,-0.004325,0.007050,-0.002910,-0.001082,0.000596,-0.002173,-0.000692
-516.808854,-31.072796,-1.222826,-2.619770,-8.818800,2.797709,6.754025,0.432229,-0.052950,-0.214016,-0.029389,-0.065407,-0.009251,0.012371,0.003572,-0.012734,-0.001100,0.001157,0.000219,-0.002819,-0.002823,-0.002311,-0.004599,-0.000116,0.000251
476.095855,-21.947819,15.080061,-11.656213,0.475054,2.307856,2.248791,0.723883,-0.512746,-0.267442,0.096409,-0.123855,0.006338,-0.030251,-0.014452,0.004281,-0.007258,-0.004685,0.002961,0.002585,-0.006616,0.011013,-0.002355,-0.001541,-0.001390
-145.906213,73.956710,-15.614659,-0.683246,-3.440009,-1.468375,1.313354,-0.167618,0.017126,-0.198179,-0.006987,-0.047486,-0.011124,-0.011677,0.005079,-0.005287,-0.010883,-0.005337,0.009366,-0.004406,-0.001632,0.003308,0.001496,-0.002354,0.001019
-372.556371,-9.313415,-9.602222,4.087843,1.765561,-0.106723,-0.373363,-0.595872,-0.127682,0.017725,-0.018848,-0.018170,0.054196,0.010778,-0.017140,-0.018856,0.007955,-0.001092,-0.003952,0.000536,0.000310,-0.000390,-0.001351,0.004045,-0.000815
745.783665,200.674104,-36.716519,5.865965,-0.595637,-0.704690,0.294682,0.088878,0.243603,0.190203,-0.000074,-0.073332,0.032343,-0.026850,-0.030333,-0.001779,-0.024391,0.008382,-0.001226,-0.002310,-0.006528,-0.000090,-0.003398,-0.006049,0.000600
781.799306,17.032657,15.173874,-0.059083,-3.611520,-2.997346,1.815501,-0.410622,-0.258941,0.125773,-0.027749,0.019584,-0.017478,0.002174,0.029356,-0.003968,0.005886,0.008236,-0.004001,-0.005721,-0.004033,-0.000054,0.003267,-0.001644,0.002185
717.867784,16.699924,5.403176,2.181255,4.023845,-0.941938,1.733044,0.270580,-0.407887,-0.091669,0.108452,-0.002061,0.022494,-0.034350,0.002958,0.023575,-0.003827,-0.000783,-0.003319,0.011138,-0.001131,-0.007493,0.002795,-0.001661,0.000272
56.894914,-93.972795,-27.399490,-2.459373,-0.428838,-0.859752,1.143734,-0.351105,-0.171386,0.275839,-0.045567,0.019274,0.097370,0.028537,-0.029810,-0.026647,-0.015081,-0.010410,-0.001049,0.002510,0.004378,-0.002182,-0.005761,0.009814,0.000775
779.020725,-23.114818,-30.847853,-1.506659,-1.863413,-0.028938,-2.014305,-1.092648,-1.580240,0.576944,0.086412,-0.038003,0.068749,0.008418,0.008356,0.007651,0.013643,-0.014441,0.037041,-0.000787,-0.006693,-0.006482,-0.001367,0.001830,0.002712
-105.155138,30.609417,-9.609794,5.512103,2.914162,-0.578914,0.922371,-0.173033,-0.533530,-0.151295,0.016740,-0.002271,0.001446,0.019697,0.016446,0.000374,0.007252,-0.009990,-0.004327,-0.002033,0.002519,-0.003156,0.000099,0.001516,0.000558
-459.465643,10.015485,-0.619207,6.987309,8.421587,-0.227818,0.016467,-0.165732,-0.049909,-0.039657,-0.007209,-0.012653,0.028992,-0.025692,-0.009916,0.004739,0.009643,0.004222,-0.008575,-0.005235,-0.001004,0.001911,-0.000723,-0.000607,0.001043
1198.585713,-476.673180,-3.153946,-3.940231,7.438440,0.355119,-0.910378,-0.164863,-0.258110,-0.144046,-0.098910,-0.110721,0.025116,-0.000439,0.008080,0.005005,-0.006457,0.009012,-0.001439,-0.002038,-0.004684,-0.001441,0.000248,-0.001935,-0.001040
334.438328,4.597997,-18.941370,-5.005130,0.639666,-0.213420,-0.190623,-0.326882,-0.039603,0.123529,0.047932,0.030207,0.143712,0.041235,-0.040330,-0.017212,-0.034604,0.010122,0.007805,-0.005487,0.004558,-0.010750,-0.004332,0.006639,0.001329
102.943370,-33.299258,12.756145,-10.295307,-4.729850,-0.192616,-1.143359,-0.366709,-0.602991,0.063204,0.048087,-0.101541,-0.002925,-0.019576,-0.017317,0.006965,-0.016921,0.013868,-0.003776,0.009502,-0.007190,-0.004381,0.000255,-0.005922,0.001125
-631.265330,-57.587890,19.452589,6.238738,1.220411,2.319283,0.244589,0.349567,-0.396164,0.011338,-0.099450,0.009552,0.000969,0.029928,0.000560,0.020768,-0.023120,0.004328,-0.015478,-0.001310,-0.000997,-0.007981,-0.002885,-0.002467,0.000443
-2.251342,27.241195,13.594730,-9.353247,8.967843,-2.374458,0.519846,-0.019772,0.208016,0.144927,-0.130260,-0.009997,-0.006587,-0.083549,0.023821,0.017050,0.002902,-0.017901,0.001945,0.013538,0.003130,-0.009042,0.001738,0.003614,0.000305
-154.854599,71.053164,-12.561413,4.273816,3.300139,-1.642209,-0.422519,-0.520801,-0.469707,0.006742,0.005715,0.022510,-0.020612,0.002069,0.009897,0.004884,-0.006132,0.002912,0.003090,-0.003623,0.001151,-0.003944,-0.000803,0.001415,-0.000470
-268.578119,63.746635,-17.334758,3.213524,-1.019365,-0.579796,1.787724,-0.023175,-0.017132,-0.257809,0.038548,0.012415,-0.000241,-0.007349,0.013355,-0.006192,0.006139,-0.010558,-0.000759,0.001231,-0.001976,0.000539,-0.002028,-0.003033,0.000409
31.445704,1.006135,-26.963682,-0.416054,-2.411017,-2.205552,-1.092089,-0.605773,-0.150435,0.126614,0.030095,0.042690,-0.004169,0.032566,-0.025106,0.002102,0.005099,0.012381,0.011658,0.008162,0.006100,0.001164,-0.001101,0.000191,-0.000824
-393.063098,25.993781,-4.020244,3.753503,0.403225,-0.703446,1.584331,0.021826,0.035679,-0.066316,0.056751,0.039356,0.082062,0.036928,0.000927,0.012767,-0.001427,0.006161,-0.008037,-0.005006,-0.001868,0.001218,0.000332,0.005216,-0.001096
986.538629,72.230294,-13.046350,2.774416,-5.398350,-0.494731,0.737585,0.083707,-0.590283,0.197876,0.024659,0.081493,0.038334,0.029889,0.025805,0.009316,0.010350,-0.000596,0.006343,-0.001945,-0.002398,0.000916,-0.001711,-0.000771,0.000737
-291.702190,52.884881,-9.338652,1.599470,4.307561,0.043995,1.245088,-0.091636,-0.061643,-0.174517,0.024941,0.022085,0.033232,-0.016217,0.007489,0.009515,0.028033,-0.000454,-0.003476,-0.001228,0.001722,0.001843,0.000163,0.003486,-0.000486
-175.430538,73.323728,-2.833097,-3.779460,-7.372588,-1.070926,0.556852,0.398227,-0.272094,-0.090116,0.122039,-0.039924,0.009569,-0.028465,-0.029337,-0.012922,-0.001536,-0.005594,-0.008091,0.000103,0.000977,-0.004387,-0.002797,-0.001150,-0.000537
735.909716,-74.825430,49.482524,-4.100584,13.555744,-3.933934,-0.275043,-0.681554,0.202062,-0.020645,-0.001954,0.202037,-0.015220,-0.037420,0.031718,-0.012133,-0.009686,-0.001468,0.003834,0.004635,0.000805,-0.004299,-0.008556,-0.005887,0.000026
-365.022562,24.522411,-4.190772,-1.943972,1.407840,0.861150,-0.041555,0.115061,0.214473,-0.230595,-0.001074,0.048372,0.030851,0.043730,0.024792,-0.017594,0.009979,-0.001289,-0.007272,-0.002812,-0.002932,0.000733,-0.001110,0.002288,-0.000798
-444.179026,5.395085,-9.929255,7.147120,5.458056,0.193548,2.062861,-0.310315,0.075401,-0.010997,-0.006557,0.017241,0.005533,-0.000882,-0.012729,-0.021942,0.002986,-0.006143,-0.006819,-0.002147,0.003877,0.001204,-0.003124,0.003904,-0.001515
1146.614206,-25.454440,-40.152953,-0.039486,-0.088098,0.154263,1.126057,0.383394,0.351876,0.028600,-0.103865,0.063245,0.205024,-0.033506,0.004846,-0.012798,-0.017221,-0.031959,-0.006240,0.013291,0.002830,0.001619,-0.005411,0.007702,-0.000139
-491.005790,-8.072044,4.897794,-0.781875,-2.017862,-0.522759,1.594350,0.267971,0.135453,0.065123,-0.002312,0.039879,0.017682,0.006747,0.011759,-0.022050,0.003343,0.022954,-0.001446,-0.011091,0.001239,-0.001471,-0.003264,-0.003057,0.001090
766.963706,-119.658258,35.362030,-11.912839,0.866744,-0.050678,-1.027844,0.249753,-0.553586,0.045012,-0.007104,-0.091856,-0.103715,0.005550,0.012393,0.013233,-0.014891,-0.031925,0.000618,-0.000350,0.001162,0.000466,-0.000810,0.004678,0.000357
-465.403163,3.175666,-1.993463,-1.046682,-2.209759,0.886617,2.031558,0.009404,0.182591,-0.210069,0.003439,0.006031,-0.060006,0.023933,0.009286,0.005111,-0.007215,-0.004376,0.004779,-0.005115,0.004115,0.004026,0.000446,0.000530,-0.000097
-508.917498,3.900978,9.564468,2.866220,7.934776,-1.045163,-1.293034,0.569195,0.025668,0.030478,-0.131349,0.069511,-0.039791,0.016603,0.007303,0.015760,-0.002435,0.031471,-0.000348,0.009620,-0.012350,0.003480,0.005101,0.000330,-0.003229
-428.215848,27.215234,-2.698044,7.062244,7.292242,-0.093831,0.995368,-0.135235,-0.019596,-0.122034,0.038750,0.041721,-0.004111,-0.013246,-0.003912,-0.005566,-0.014997,-0.003875,-0.005353,0.021791,-0.001077,-0.005262,-0.000882,-0.002173,-0.000285
-146.207768,-52.795459,-16.741121,-11.010220,-5.708016,2.949094,0.112223,-1.025053,-0.355222,-0.034293,-0.013765,-0.059695,0.031181,0.016880,-0.012599,-0.003016,0.006419,0.013752,0.004140,-0.009317,-0.001715,0.001643,-0.001241,0.002121,0.000342
573.248445,-7.386819,27.317085,-9.566990,1.727762,-3.282667,-0.694401,-0.081058,0.039291,0.217504,-0.153035,-0.046928,-0.125703,0.032606,0.017631,-0.036955,0.011380,-0.002247,0.001617,0.017575,-0.012863,-0.005584,0.002708,0.004346,0.001730
-769.489104,-40.225824,24.467976,9.193234,1.229832,1.717666,0.406520,0.735976,0.291680,0.086371,-0.046529,0.013595,0.054217,0.023081,0.025606,-0.013671,0.039137,-0.014634,-0.003066,-0.000461,-0.009203,-0.004963,0.003824,-0.007149,0.002770
-388.897178,17.154738,-10.939271,3.218223,5.428192,-0.005122,-0.738381,-0.605158,0.239700,0.051104,0.074233,-0.017531,0.012988,0.024255,-0.023954,0.000964,-0.000090,0.006311,-0.001709,-0.007083,0.000057,0.003283,-0.006004,-0.002471,-0.000506
-433.390405,-13.033334,-0.597800,1.950490,4.363319,1.385593,0.485582,-0.163941,-0.057102,-0.163248,0.003833,0.020791,-0.025769,0.014408,0.009598,0.010283,-0.004320,-0.002963,-0.004192,0.002561,0.002732,-0.000178,-0.004594,-0.000513,-0.000626
-788.791751,-47.454678,25.712916,2.029873,-2.022412,1.364400,-1.539316,1.352579,0.433317,0.375498,0.075213,-0.007916,0.011795,-0.022789,0.040544,0.006107,0.017946,-0.023044,0.026989,-0.008504,0.012437,-0.016195,0.003160,0.004875,0.002451
-77.943420,43.601829,-6.092966,-0.046347,6.425288,-2.550127,-0.285849,-0.338515,0.082457,-0.091547,-0.107571,-0.030910,-0.060746,0.006817,0.009832,0.002998,0.009067,-0.001614,0.022897,0.005037,0.001461,0.006943,-0.006448,-0.004158,-0.000040
-272.075114,30.872465,-11.898272,-13.637703,-1.237980,-0.483948,0.780254,-0.256757,1.279947,0.108412,0.023982,0.125803,-0.072177,-0.021907,-0.001663,-0.001168,0.000301,-0.011563,-0.007798,0.010243,0.009530,-0.003268,0.008714,0.001360,0.000450
828.433237,-36.475088,13.045214,-12.739543,-0.582026,0.251925,-0.185231,-0.570662,0.336848,-0.109635,-0.002139,-0.075652,0.044337,0.010697,0.010171,0.034857,0.004429,-0.012024,0.012354,0.002431,-0.007136,0.002854,-0.011333,-0.008156,-0.001052
-272.507517,22.374048,-3.177041,-1.904547,0.610293,-1.110294,0.665777,0.036518,0.042864,-0.141736,0.028099,0.052064,-0.010529,-0.030105,-0.010470,-0.008306,-0.008420,0.010303,0.005709,0.007514,0.005009,-0.005447,0.001896,-0.000160,-0.000492
-706.757623,-34.878663,8.371398,2.872212,-5.218255,1.362562,0.123937,0.023215,0.540212,0.015987,-0.005486,-0.038247,-0.009325,-0.025476,-0.022277,0.006453,0.016834,0.009695,-0.002225,-0.006533,0.001239,-0.003110,-0.003823,-0.002836,-0.000658
-68.498817,13.262173,-11.997123,0.131398,10.549943,1.479321,-1.104743,-0.565762,-0.494311,-0.051893,0.022195,-0.003153,0.015829,0.001635,-0.005163,-0.019737,-0.015144,0.001960,0.009485,0.006044,-0.001638,-0.002503,0.003400,0.000539,0.000081
-762.739885,-56.835026,18.361096,7.856651,-3.014847,0.974690,-0.444977,0.241453,0.519271,1.102717,0.539411,-0.270715,0.156786,0.052962,0.035964,-0.031636,-0.013464,0.050185,0.010181,-0.012889,0.009815,0.019563,-0.002690,-0.002766,-0.004827
655.744742,24.067994,-14.386081,2.587778,0.715568,-2.095139,-0.278059,-0.469453,-0.046304,0.091633,-0.106061,-0.064987,0.024626,0.014874,-0.003710,0.011864,-0.008455,-0.000315,-0.006665,-0.000836,-0.004410,0.003514,-0.005006,0.000171,0.000294
-433.542903,23.472737,2.700534,4.315368,-1.186407,-1.214208,-0.388003,-0.219565,-0.127170,-0.194867,-0.010320,0.014690,0.012470,0.033918,0.011889,0.020185,-0.000323,-0.007680,-0.001601,0.000275,0.000406,-0.000434,0.005856,-0.001982,-0.000271
-436.088193,-1.677974,0.832441,-4.658897,-5.034818,0.280709,0.481707,0.004830,0.004404,-0.077743,0.024414,0.008448,0.012123,-0.019679,-0.005303,-0.009710,0.016731,0.000377,0.003064,0.008618,-0.001436,-0.004721,-0.001382,-0.002616,-0.000200
-551.329028,0.197487,3.012325,4.111164,3.489191,-1.132470,-0.556537,-0.083846,0.244545,0.080208,-0.038621,-0.018063,0.002259,-0.022559,-0.019558,-0.001942,0.006319,0.001508,0.008513,-0.013348,0.003657,0.002328,-0.002760,0.001226,-0.000162
-375.610020,-15.439487,-4.789706,-0.739948,3.696518,-0.839419,-1.145580,-0.506489,0.260838,0.129505,0.001522,0.050221,-0.018703,-0.012551,-0.027201,-0.009460,-0.019590,0.002756,0.008658,0.001678,0.002126,0.004370,-0.004442,-0.001383,-0.001058
-716.260242,-38.917714,14.246815,9.240422,-0.929188,1.287802,-0.088829,0.147140,0.023344,0.001767,-0.050866,0.005139,0.030126,-0.018171,-0.010112,0.010986,0.017277,0.005015,-0.019044,0.007526,-0.000437,-0.007356,-0.004655,-0.003022,0.002508
157.019854,-15.062900,-21.766328,-5.889678,0.402795,0.671173,1.372177,-0.551999,-0.692910,0.278503,-0.088203,0.065294,-0.003056,0.021421,0.026251,0.007928,-0.010803,-0.007163,-0.013049,0.004427,0.001447,0.005072,-0.001272,0.000883,0.002394
460.049469,199.711039,-35.857180,8.959569,-3.142261,0.219589,-0.682545,-0.073121,-0.338820,-0.053368,0.123040,0.009751,0.031029,-0.023386,-0.012784,0.004694,-0.012012,0.007140,-0.000183,-0.001369,0.001456,-0.003669,0.001519,0.000064,0.001749
1263.309736,23.639062,22.489135,4.707247,-1.896843,-3.575086,-1.507761,-0.164902,-0.182770,0.415709,0.099255,-0.109014,0.061876,0.024455,-0.006694,0.004314,0.023212,-0.009522,0.004521,-0.005507,-0.002877,0.005669,-0.004057,-0.001122,-0.002526
558.787540,169.553172,35.874720,-20.818768,3.186653,-1.589141,-1.365959,3.863836,0.162401,-0.311748,-0.086644,0.071129,0.017955,0.073209,-0.037542,-0.028478,0.005928,0.035192,-0.001195,0.021631,0.002833,0.000259,-0.005683,0.002128,0.001457
565.690800,221.983830,-9.981861,-4.764047,-4.224070,0.856623,0.154894,0.984733,-0.106260,-0.144540,0.117880,-0.021134,0.025042,-0.038235,0.007741,0.004001,0.004728,0.009550,-0.003658,0.006595,-0.000823,0.000935,0.002902,-0.001870,0.009105
-436.030988,-29.399087,0.152287,6.546146,5.969915,1.143376,3.387207,0.192959,-0.244106,-0.014097,-0.027605,-0.046287,-0.054757,0.024481,0.001738,-0.000245,0.004050,0.001967,-0.012694,-0.005655,-0.000075,-0.002169,-0.002718,-0.000040,-0.000359
-401.520340,-6.677973,-9.761912,0.778688,1.266755,0.705703,0.548764,-0.442523,0.119582,-0.068405,-0.033863,0.015076,-0.010453,0.008913,-0.009026,-0.025355,-0.009268,-0.003453,-0.003128,-0.005606,0.005588,0.002415,0.000191,0.002967,-0.000566
-181.117097,47.835551,-14.139088,-1.186522,8.333087,0.902370,-0.131600,-0.349849,0.236014,-0.161637,0.080284,-0.012243,-0.009224,-0.038036,-0.014416,-0.013082,0.005945,0.001704,-0.000049,-0.003483,0.000291,0.002300,0.001821,0.001531,-0.000682
-630.977931,-11.250346,4.177375,13.486771,9.332519,0.046806,0.113349,-0.129732,0.194584,0.023739,-0.009816,-0.031565,-0.061011,0.003156,-0.015436,0.008069,-0.020484,-0.003197,-0.008775,-0.001253,0.000864,-0.002368,-0.003798,-0.001771,-0.000571
-98.610982,-0.512150,-7.125555,-1.761919,6.980653,-0.173911,-0.270081,-0.168771,0.013797,0.018225,0.060442,0.017048,-0.008239,0.013146,-0.014598,-0.005217,0.015555,0.013900,-0.000013,-0.002350,0.000475,0.002739,0.003432,0.001759,-0.001829
-166.228525,85.983460,-15.140909,6.647361,6.048738,-0.751767,-0.418160,-0.272409,-0.033295,-0.211553,0.085359,0.002398,0.005306,-0.008275,-0.002348,0.007198,0.003498,0.000782,-0.006812,0.000992,0.001869,-0.005274,0.002808,0.000986,0.000621
-266.852535,-40.864866,-5.588898,-10.229493,-0.653307,-0.357485,0.401578,-0.127317,0.506961,0.205386,-0.100502,0.044164,0.054832,-0.028239,-0.014809,-0.002990,-0.000016,-0.017977,-0.004406,-0.007871,0.005949,0.007124,-0.001362,0.007616,-0.001377
-692.699725,-52.043753,39.831724,2.263731,-2.127479,1.274339,-1.665639,1.203572,-0.493163,0.046351,-0.021787,0.090106,0.054547,-0.014299,-0.025018,0.034965,0.032373,0.008545,-0.007184,-0.000138,0.002834,0.000173,-0.000296,-0.000013,-0.001111
-780.507033,-30.346321,19.249589,7.062028,-8.285982,0.280499,-2.665190,0.233883,0.216397,0.004175,0.014997,-0.017131,0.020679,-0.004558,0.005990,-0.000630,-0.007065,-0.013918,-0.000177,-0.002489,0.000371,0.007271,0.008477,-0.006883,0.002433
-219.653861,58.848401,-15.154900,-7.372437,-6.847572,-0.466337,2.309420,0.177427,0.531229,-0.185614,0.079525,-0.084299,0.014293,-0.013844,-0.001489,0.017174,0.009696,-0.008024,-0.001304,0.001019,0.001521,-0.000159,0.003142,0.004052,-0.000463
158.190250,21.801505,-20.884455,-0.563825,7.860226,-0.662173,0.948511,0.061681,0.023618,0.182575,0.024685,0.019764,-0.058996,0.009978,-0.029986,-0.023669,0.013095,0.007148,-0.009970,-0.007691,0.001508,0.000244,-0.000337,-0.002283,-0.000845
357.618438,64.522764,-21.218962,0.029876,-6.064988,0.025761,0.335313,-0.368690,-0.543164,-0.232748,0.044476,0.030199,-0.015810,0.004329,0.021174,0.021084,-0.005163,0.017137,0.007032,-0.000329,0.004713,-0.003787,0.001884,-0.000365,0.000043
-448.602510,-1.248851,-2.250446,2.666824,-1.546969,-0.470476,0.881509,-0.119739,-0.064425,-0.010013,0.021197,0.006046,0.036741,0.010303,-0.003676,0.000045,0.018109,-0.002286,-0.002571,0.004317,0.000111,-0.001385,-0.001777,0.000756,-0.000416
-847.007687,-87.700166,25.354440,6.155669,-14.330757,4.542362,-2.845563,0.180073,-0.408332,0.164085,-0.121503,-0.014475,0.014662,0.032065,0.009455,-0.020800,0.006595,-0.046735,0.016433,-0.006823,0.005786,-0.010005,-0.012189,-0.008003,-0.000254
-477.228055,-26.915902,13.476870,-2.812716,-1.241952,0.942289,2.377232,0.760867,-0.225529,-0.124236,-0.036949,-0.023130,-0.046601,-0.020498,-0.004456,-0.008678,-0.007440,-0.007766,0.009442,-0.005753,0.000668,0.007107,-0.001135,0.001755,0.000678
-784.179721,-45.353731,21.444597,6.417425,6.243715,0.894516,-0.416118,1.016472,0.431861,0.226136,-0.117172,0.077096,-0.029213,-0.070609,0.002606,0.054347,-0.003145,0.032225,0.046385,0.002926,0.002917,0.002263,0.004243,0.009086,0.004147
-569.248373,-31.738868,5.826663,-5.990742,1.669360,4.459603,1.180612,0.298447,0.545436,-0.101462,0.180937,-0.025899,-0.073570,-0.018376,-0.014547,-0.027634,-0.000230,0.005512,0.000751,-0.007423,-0.002468,-0.001093,-0.002403,-0.000107,-0.000529
-505.821552,-13.316868,2.637298,3.709836,1.686329,0.241242,-0.866508,-0.290905,-0.022608,-0.065894,0.015967,-0.056588,0.014407,-0.033876,-0.026689,-0.023527,-0.009607,-0.002469,0.004572,-0.001696,-0.000468,0.001807,0.001491,0.000807,-0.000563
-335.252200,22.344725,0.126833,-2.217736,-3.524542,0.442888,0.480871,-0.051864,-0.169562,-0.255756,0.020259,0.041193,-0.003469,0.024134,0.022914,0.009784,0.000808,-0.004083,-0.009593,0.004664,-0.000456,-0.006001,-0.001881,-0.003490,-0.000697
378.007439,79.261461,-6.115281,-0.209946,9.850958,0.676674,0.044436,0.543029,-0.285023,-0.152559,0.053236,0.053813,-0.024402,-0.008926,0.001152,-0.000275,-0.008243,0.003127,-0.004041,0.003160,-0.001941,0.007383,-0.006321,-0.002468,-0.003498
-448.902784,29.626247,8.030658,-0.532266,1.341298,-1.401615,-1.406418,0.677233,0.167001,-0.065363,0.072025,-0.035079,-0.037235,-0.002587,0.007827,-0.016478,-0.011633,-0.010290,-0.002205,-0.007214,-0.000257,-0.001638,0.000229,-0.000896,0.000687
-494.262296,18.030275,-4.065423,1.330285,-1.537282,-1.944228,-1.078272,-0.641929,0.369172,0.116667,0.008730,-0.060112,0.016937,0.016569,-0.012441,0.035191,0.027266,0.021807,0.011493,-0.001039,0.004594,-0.000767,0.004904,0.006018,0.000758
-704.302591,-40.645374,17.002605,5.348899,-6.657988,0.801531,-0.460450,0.296824,-0.067283,-0.024747,-0.084408,-0.030559,-0.072606,0.006328,-0.008332,0.004984,-0.018465,-0.003098,0.000831,0.010000,-0.005184,0.005921,0.004695,0.003268,0.000377
-443.308083,-29.511118,6.018201,0.087864,-3.224225,-0.733497,-1.596883,-0.417831,-0.122514,0.028273,-0.036808,0.032846,-0.051117,-0.008049,-0.000216,0.012896,-0.004983,0.011975,-0.014832,-0.000345,0.001541,-0.002198,-0.001560,0.002084,-0.002149
-19.574987,-27.691992,-12.235022,-17.722334,-5.183856,2.130391,-1.186488,-0.770738,0.473238,0.077483,0.111917,0.088885,0.029662,0.013684,-0.010264,0.041401,0.004443,0.002233,-0.015724,0.014210,-0.004817,0.013515,-0.002029,-0.000247,0.001005
-30.413980,-10.054070,-8.290231,-8.768327,-4.625867,-1.714571,0.655659,-0.263288,0.095908,-0.057499,-0.104426,0.012427,0.014655,-0.043293,0.004060,0.006019,-0.012783,-0.005678,-0.000273,-0.003715,-0.000752,0.007092,-0.007242,-0.003821,-0.001466
-505.304071,-26.346788,12.140826,-3.171299,0.931185,-0.167719,0.573351,0.541578,0.017408,0.120321,-0.040864,-0.041634,-0.035682,-0.038701,-0.017752,0.006709,0.000655,0.025994,0.005180,-0.006878,0.004416,-0.004943,-0.004526,-0.003725,0.000763
-89.488643,14.683534,-2.396848,3.202864,9.788097,-0.736902,-0.005618,-0.287302,-0.290088,0.021899,0.016270,-0.041154,-0.012934,0.018601,0.008344,0.013291,0.001041,-0.004558,-0.000212,-0.006156,0.001390,0.003000,0.000246,0.003079,-0.000837
-476.731708,18.176834,2.488837,3.390002,5.558540,0.483238,0.571225,0.103779,0.239339,-0.026677,0.124213,-0.012284,-0.015081,0.025109,-0.004685,-0.014816,0.007720,-0.011250,0.001398,0.006102,-0.002851,0.001045,0.000724,0.001685,-0.000916
644.155134,151.655907,-23.052223,-2.725099,-3.802657,-1.051473,-0.045783,0.397089,0.084603,-0.028797,-0.114249,-0.019901,0.010468,0.000613,0.020525,0.020378,-0.011862,-0.004316,-0.013837,-0.000534,0.011191,-0.015735,0.008175,0.006589,0.002085
1528.978198,332.377647,97.513180,-4.850319,2.560297,-2.404425,1.850632,-1.003039,0.994457,0.065890,-0.209021,-0.052426,0.061297,-0.038234,0.089057,0.033991,-0.014773,0.010031,-0.008429,-0.012437,-0.018685,-0.007172,0.000135,0.001341,-0.009064
1223.779051,-124.596393,21.421984,0.677320,5.908412,-0.352332,0.338112,0.564103,-0.472801,0.227852,0.064383,-0.053545,-0.041127,0.031988,-0.011577,0.016805,-0.011163,-0.005722,0.004787,0.001489,0.001572,0.004207,0.004326,0.003593,0.001994
915.646528,156.968207,2.384329,3.476241,-2.096906,-0.578179,0.762228,0.100934,-0.325532,0.052441,-0.042319,0.035639,0.041870,0.009899,0.018403,-0.002756,0.023615,-0.001243,0.002120,-0.008122,-0.002324,0.003681,-0.002950,-0.003786,0.000796
-523.582743,5.615785,12.154065,4.095446,5.748564,-1.791733,-0.581120,0.230667,0.119646,-0.118334,-0.064774,0.106347,0.039282,-0.001908,0.006309,0.039040,0.030262,0.023157,0.010959,-0.006534,0.004638,0.003053,0.005250,0.003168,-0.000376
-242.317021,-38.738306,-6.392058,-3.507108,0.381756,-0.019916,1.493607,-0.274068,0.043520,0.226112,0.048318,0.017995,0.042352,-0.045357,-0.042679,-0.008921,0.005612,0.001778,-0.008987,0.014113,-0.004969,0.001570,0.000014,0.000885,-0.002414
-67.006937,-15.643284,-21.201869,-14.772405,0.762050,1.860934,1.610016,-0.607246,0.282975,0.123918,-0.081506,0.115000,-0.015275,-0.045910,-0.008546,-0.042960,0.031481,-0.008224,-0.003027,0.008825,0.010202,0.007888,0.003425,-0.001626,-0.000965
-118.012958,68.140448,0.328186,-2.756297,1.101581,-1.867054,0.872714,0.520559,-0.000231,-0.102089,0.029970,0.025890,-0.005145,0.047591,0.027715,-0.009339,-0.004327,0.004509,0.009233,0.010655,-0.007515,-0.006349,0.005711,-0.001240,0.000012
-263.330581,-92.732526,5.367728,-11.090343,-11.263618,-0.012199,1.004204,-0.146553,-0.181869,0.252695,-0.082089,0.018610,-0.061523,0.005573,-0.000743,0.004830,0.003793,0.015443,-0.014370,0.005990,-0.001080,-0.004727,0.002608,-0.003214,0.001381
-511.902628,-21.901503,5.127072,-1.257772,-2.046301,1.231482,0.523986,0.044422,-0.017013,-0.049722,0.055498,-0.030182,0.035531,0.023832,0.009927,0.013762,0.018694,0.008374,0.000136,0.002447,0.005901,-0.002794,-0.002320,-0.001049,-0.000594
1763.664258,94.189704,-45.435337,20.880997,-7.535816,3.297041,-1.133351,0.256310,-0.108895,0.180016,0.041830,0.143123,0.028660,-0.015778,-0.010371,-0.033474,0.007104,0.015454,0.006043,0.012910,0.002736,-0.001488,0.003513,0.002530,0.001199
102.982741,101.840782,-21.124338,-6.665191,0.838489,-0.322430,1.148089,-0.104807,0.678879,-0.045988,0.130352,0.001979,-0.013871,-0.019274,-0.017488,-0.007330,-0.000586,-0.008601,-0.001304,-0.001682,-0.001368,-0.001857,-0.002085,-0.001006,0.000984
156.956531,-42.758713,-8.455380,0.523505,14.692254,-1.108626,1.053935,-0.251388,0.151466,0.204256,0.021637,-0.117532,0.012376,-0.004418,-0.015485,0.020726,-0.003437,-0.025161,0.005751,0.002153,-0.011566,0.011723,-0.000979,-0.000110,0.001315
-165.911131,80.025429,3.191105,-1.643512,8.341715,-4.045178,-0.677937,-0.126782,0.208226,-0.062038,-0.067529,0.049768,-0.024390,-0.055372,0.016258,0.007704,0.002536,0.003221,0.020686,-0.011775,-0.003474,-0.002477,-0.005971,-0.004233,0.003182
-397.998265,29.288877,-1.149712,-2.937916,1.268648,-0.986353,0.236946,0.399761,0.098773,-0.049272,0.027767,0.024923,0.027942,-0.029605,0.011757,-0.001558,0.001780,0.006500,0.007278,-0.004939,-0.002278,0.002920,0.000463,-0.000103,-0.000094
479.118706,67.867626,-26.878270,-1.482954,-8.519560,0.840292,0.793158,-0.262677,-0.683373,-0.122698,0.025699,-0.004217,-0.024780,-0.000993,0.014866,0.014662,-0.004665,0.013437,0.008002,0.008736,-0.001268,-0.001736,0.001492,-0.002943,-0.000187
-199.969031,24.375428,-2.984422,-11.607667,-7.466169,-1.870476,3.774153,0.019182,0.747166,0.398072,0.296463,0.319696,0.007907,0.028665,0.074117,0.013419,-0.013914,0.015630,0.011621,-0.017495,-0.031132,-0.006517,-0.000035,0.003493,-0.006507
-321.880238,22.794854,-13.536513,4.975486,6.869634,-2.004658,0.472695,-0.311099,0.099029,0.033487,-0.060039,0.047588,0.012932,-0.027656,-0.011285,-0.016094,-0.008530,-0.000392,0.010605,0.007958,0.002943,0.004172,-0.002688,0.000182,-0.002288
-268.028915,-4.108854,-13.572886,-2.167185,1.894255,-0.169654,-0.046830,-0.585493,0.134509,-0.043998,-0.031500,0.052551,0.023773,-0.014618,-0.029267,-0.012740,-0.017357,0.025615,0.006955,-0.003339,0.010906,-0.001393,-0.002016,0.004616,-0.003306
-757.105016,-51.428451,19.891846,8.654067,3.193759,1.470458,-0.476651,0.452353,0.057196,0.189591,-0.132759,0.066883,0.054737,-0.027529,-0.014075,0.021411,-0.018711,0.034434,0.005672,-0.011142,-0.000656,0.002505,0.007740,-0.000118,0.004421
-142.416173,39.286191,5.386905,-2.285867,10.024874,-0.954353,-0.668955,0.377051,-0.114332,-0.041970,0.049486,0.071349,0.015523,-0.027267,0.006857,0.003513,0.006288,0.003640,-0.000752,-0.001748,-0.006128,0.009885,-0.002293,0.004722,-0.003987
-312.216044,34.673916,-0.939014,-4.739155,-4.465389,-0.374151,0.468548,0.163743,-0.135832,-0.263532,0.075463,0.013491,-0.013890,0.013069,0.023624,0.005284,0.002458,-0.004585,0.014111,-0.002232,0.004186,-0.002388,-0.001262,-0.001655,-0.000666
714.952351,113.734876,33.024537,0.897302,9.803119,-0.327696,-0.766497,0.347010,-0.536970,-0.069542,0.003426,0.010951,-0.020925,-0.013241,-0.013070,-0.034702,0.006248,0.006675,-0.002652,-0.004337,-0.003964,0.001614,-0.002389,-0.012178,0.004939
-533.009877,-22.794444,7.635585,1.034445,-2.123010,0.006196,2.141519,0.244640,0.055758,-0.138666,-0.091408,0.008296,-0.038735,0.000771,0.005376,0.003764,-0.009797,0.012750,0.010779,-0.004522,0.001846,0.004002,0.005705,0.000170,0.000979
-502.762142,-0.890137,-1.826233,2.482982,-1.909561,0.589250,1.399094,-0.275639,0.021535,-0.094160,-0.013905,0.017398,0.028661,-0.013013,0.000584,-0.011154,0.008875,0.000630,-0.014607,-0.005218,0.001335,-0.006187,-0.003861,-0.001700,-0.000392
-522.809915,-17.735925,12.798248,2.297145,0.252937,0.206974,-1.273788,0.118156,-0.309391,-0.035657,-0.020911,-0.006938,0.022063,-0.001096,-0.011381,-0.001400,0.007298,-0.007696,-0.003586,-0.006091,0.003775,0.002112,0.002515,0.002466,-0.000647
-693.880554,4.404374,2.150300,0.547960,-0.897204,-0.138075,-2.609964,0.609056,0.950140,0.225554,0.217712,-0.092992,0.018533,-0.039046,0.050536,-0.008610,0.022727,-0.004090,0.006035,0.018751,0.005773,-0.006420,-0.004896,0.007265,-0.000896
-650.126638,-22.594601,16.438201,1.706824,-7.554063,0.746697,1.469628,0.703972,-0.040033,-0.084457,0.010489,-0.026187,0.035988,-0.020810,-0.018113,0.007110,-0.021660,-0.005101,-0.006215,-0.000898,-0.006369,0.000339,0.005744,-0.004847,0.002403
-384.074391,-39.051675,5.036280,-1.598889,-2.682747,0.137424,1.049260,0.011065,-0.360069,-0.007509,-0.076567,-0.002746,-0.026776,-0.026215,0.005181,-0.000914,0.023336,0.003147,-0.011062,-0.000274,-0.001441,0.000510,-0.002433,-0.003221,-0.000326
415.106089,137.750908,6.679620,1.087255,-1.233316,-1.579720,-1.565330,-0.227427,-0.300175,-0.063448,0.108894,0.021674,-0.003126,0.023938,0.040116,0.003289,0.010085,0.000396,-0.005022,-0.000829,-0.011939,-0.003555,-0.005111,0.003765,-0.003221
-306.806760,53.702070,-16.477151,3.155650,5.618602,0.360188,-0.022544,-0.595936,0.394646,-0.106342,0.070943,0.088758,0.025683,0.011689,-0.003646,-0.010382,-0.003273,0.008099,-0.014220,0.014034,-0.004082,-0.002943,-0.001828,0.001005,-0.001261
-480.907085,-27.648608,10.999026,1.978067,3.124510,0.002859,0.099514,0.174627,-0.079210,-0.025931,-0.061825,-0.033160,0.011301,-0.015707,-0.024929,0.001785,-0.002362,0.017450,0.003173,-0.000741,0.002210,0.001344,0.003645,0.001311,-0.000204
-648.992639,-92.331536,24.833553,2.815985,-2.422768,3.599084,-0.641666,0.375029,-0.721732,0.209973,-0.122432,-0.090234,-0.046771,0.020755,-0.004981,-0.008094,-0.007793,-0.002758,0.004706,-0.003360,0.002728,0.008965,0.001591,0.002941,-0.000839
213.228450,12.900780,-13.301619,-8.227245,0.868649,0.533946,1.209685,-0.084649,-0.146276,-0.116705,-0.029909,-0.050887,0.015831,-0.027302,0.011976,0.023727,-0.008572,-0.002418,-0.002078,-0.002625,0.000984,0.003612,-0.000873,0.002565,0.001061
-371.912130,22.456738,11.188246,-0.053654,-1.295611,-2.043412,-1.623971,0.073091,-0.190857,-0.111946,-0.009840,0.042601,0.096756,-0.008278,-0.008545,0.037566,0.033982,0.020130,-0.011362,-0.003436,0.005258,0.009910,0.008756,0.001651,-0.000964
-450.541849,18.987887,-0.475342,3.479459,2.345750,-2.043880,0.455487,-0.065162,0.134821,0.008709,-0.045867,-0.004620,0.045561,-0.003051,-0.013806,0.018139,-0.013025,0.020785,0.006153,-0.008445,0.003761,-0.001136,0.003553,-0.001807,0.001343
-524.502298,-22.200252,-3.290345,8.246213,8.657605,1.196071,1.073543,-0.298654,0.185151,0.049898,-0.020713,0.007985,-0.014762,0.007175,-0.017556,-0.004942,-0.010605,0.005616,-0.018922,-0.000510,-0.000890,-0.001130,-0.007136,-0.001786,-0.000996
-51.268403,94.243971,-29.117332,5.205029,13.169789,-1.033452,0.441027,-0.536392,0.235868,0.071002,0.053318,-0.039620,-0.031840,-0.015002,-0.011713,0.023616,0.001675,0.008342,0.004119,-0.005556,0.005039,-0.007446,-0.001001,-0.004528,-0.000918
602.106281,107.048337,13.551168,-1.164731,-0.420043,-0.483219,0.861257,0.543224,-0.487985,0.004650,0.050211,-0.051509,-0.027484,0.008749,-0.007448,0.003126,-0.004466,0.007243,-0.008560,0.002743,0.001642,-0.005013,0.003808,-0.002828,0.002107
1510.525491,11.929484,-0.331668,-5.163121,7.653489,4.760679,-3.010248,-0.305886,0.043080,-0.211380,-0.063049,-0.052540,-0.020774,-0.046276,0.019904,0.006158,-0.001769,-0.024916,0.019219,0.003028,0.001264,0.003014,-0.003028,-0.001565,-0.002635
-501.227748,8.596089,3.123356,-2.655790,-8.489620,-1.553300,-1.691235,-0.233685,0.188948,-0.070138,-0.046714,-0.008513,0.010162,-0.044220,-0.018842,-0.018821,0.009523,0.002952,0.001696,0.003223,-0.001163,0.005775,0.003787,0.000635,0.001609
-491.017948,7.660916,0.797004,5.316913,-0.633798,-0.520783,-0.706846,-0.323802,-0.144995,-0.151889,-0.018688,-0.006511,-0.031786,0.018018,0.008268,-0.002989,-0.007649,-0.017235,0.001390,0.005337,0.002661,-0.002087,-0.000136,0.000942,-0.000116
75.185917,-29.661550,-2.062235,-7.450533,6.400280,-0.618831,-1.517534,-0.149836,0.064161,0.152032,-0.013592,-0.056166,-0.040437,-0.022801,-0.026807,-0.018332,0.007217,-0.003618,-0.013301,-0.015802,0.001764,-0.002780,-0.001448,0.000800,-0.000546
-678.969269,-46.135758,22.765285,2.854202,-2.281716,0.580023,-0.020811,0.885179,0.116712,0.284570,0.044564,-0.036264,-0.045879,-0.003168,0.058608,-0.032963,-0.017822,0.018210,0.004369,0.008684,-0.022224,-0.004205,0.004354,0.001947,-0.001988
-287.109962,-78.606138,-0.462170,-3.944676,6.621874,0.714463,1.220875,-0.330205,0.161800,0.327985,-0.048170,0.030815,-0.003320,-0.013134,-0.004677,0.013215,-0.012065,-0.010581,-0.001583,0.003139,-0.003801,0.008703,-0.000712,0.000107,0.001246
15.494622,71.118959,-18.445189,3.267909,7.952946,-0.434411,1.004841,-0.285165,-0.156584,-0.091397,-0.056022,-0.006411,-0.008241,-0.020372,0.008926,-0.013161,0.013071,-0.001497,-0.001523,-0.001536,0.000223,0.001563,0.001480,-0.001775,0.000400
1084.858879,-291.001536,50.054825,-15.182858,29.248331,1.463000,1.179938,-0.105861,0.747154,-0.342850,0.050947,0.025546,0.060086,-0.017920,0.029151,0.017689,-0.018560,-0.039188,0.020041,0.002283,0.004034,-0.010370,-0.004817,-0.005782,-0.001230
-295.786041,45.364989,-14.393694,2.087320,5.149442,0.742841,-0.571806,-0.651795,0.091548,-0.195066,0.018463,0.066885,0.048396,0.016819,0.014388,0.003680,0.002883,-0.003182,-0.006582,0.005433,0.001305,0.001443,-0.000931,0.001388,0.000374
-482.705623,-66.215207,9.756214,-12.426691,4.292751,1.372310,-1.237618,-0.064615,-0.328027,0.937192,-0.178099,0.263246,0.099715,-0.039525,0.016348,-0.020472,-0.051975,-0.023223,0.011836,0.006869,-0.000957,-0.008573,0.009286,0.003163,0.000618
-348.028667,-8.321860,-4.836933,-1.925272,-8.993836,-0.586281,1.766816,-0.180906,-0.145997,-0.064284,0.001428,-0.055149,0.014038,0.005194,-0.010505,-0.007829,-0.009447,0.005666,-0.003037,0.004444,-0.001766,-0.002118,-0.001217,-0.000415,0.000486
348.862099,-107.409081,-9.227628,-5.475348,6.146153,1.099056,1.134526,-0.192837,-0.258148,0.065778,-0.022705,0.146440,-0.054971,0.012371,0.023388,-0.023235,-0.003570,-0.005711,-0.023212,-0.002343,-0.001315,0.011088,0.002150,0.000299,0.001202
-417.660020,37.101500,1.190492,8.388621,6.481595,-0.769231,0.043375,-0.096750,-0.142261,-0.167993,0.029964,-0.028372,-0.053552,0.003511,-0.002883,0.012856,-0.001356,-0.002699,-0.006771,0.010864,0.000306,-0.001579,0.001306,-0.000210,0.001203
-280.723555,15.168029,-9.000183,-4.235812,-6.027221,-0.153843,0.959752,-0.268136,-0.078653,-0.136065,0.002200,-0.044973,0.026786,-0.008995,-0.012481,-0.023894,0.022917,0.002600,0.009049,-0.004502,0.001093,0.000224,0.002385,0.002478,-0.000122
209.408342,-60.699899,-7.494634,-2.403516,3.376967,-1.526447,-0.118169,-0.184351,-0.292426,0.120696,-0.098809,-0.120163,0.001309,0.001077,-0.009495,0.013106,0.004993,-0.006412,-0.006133,-0.003981,-0.001073,0.000186,-0.000788,0.000543,-0.000454
986.602389,-47.979368,-31.513541,-0.226111,-2.987239,-1.013316,-3.274776,-0.664316,0.273507,0.263050,0.013980,0.162735,-0.049209,0.045841,-0.001681,0.019301,-0.011275,0.001241,-0.015764,-0.000174,0.016003,0.002193,0.000806,-0.003059,0.002400
-301.162641,67.896096,16.706515,3.916751,9.175216,-2.738691,0.023264,1.148651,-0.170273,-0.085486,0.114828,0.003450,-0.009196,-0.048534,-0.008301,0.026982,-0.004325,0.003492,-0.015361,0.002378,-0.001910,0.010372,-0.001458,0.008516,0.006590
-831.496523,-42.962397,16.471277,15.086966,-0.304936,1.754298,-1.330526,0.110194,0.239537,0.045194,-0.065788,0.006867,0.004152,0.018398,-0.006227,0.010222,-0.000725,-0.018050,-0.002286,0.001676,-0.001991,0.002540,0.003643,-0.001263,-0.001627
-146.042133,-17.200596,-7.529954,0.336894,-0.535609,0.006642,0.272691,-0.368288,-0.531954,-0.044297,-0.008457,-0.050056,-0.035727,0.024233,0.008392,-0.006385,0.015992,-0.003476,0.002837,0.004898,0.000057,0.000565,0.002168,0.002202,-0.000756
-354.896818,42.709867,-4.099686,-1.616077,-5.401774,-0.712166,0.336356,0.056543,0.016490,-0.234164,0.047454,0.032235,0.009018,0.008714,0.009928,0.014921,0.006975,-0.003887,-0.006692,-0.003471,0.000626,0.001396,-0.002746,0.000707,-0.002545
-139.088134,-2.703836,-6.391531,-7.356681,1.876670,1.018713,-0.564416,-0.384963,-0.020543,-0.184910,0.017644,0.043554,-0.071817,-0.004343,0.009998,-0.024376,0.003128,0.007071,0.007330,-0.009656,0.004658,0.001850,0.005866,0.003212,-0.000448
-90.614442,-73.832094,4.345987,-7.285847,-7.789739,-0.537866,0.478394,-0.270428,-0.520412,0.055599,-0.043281,-0.113801,-0.015379,0.018590,-0.006917,-0.010382,0.006062,-0.008567,0.008071,-0.008149,-0.002198,0.003535,0.001807,0.004116,0.000812
-171.729502,-16.552380,13.955584,-13.958922,-2.668911,1.363324,1.728142,1.055208,-0.349114,-0.074954,0.042367,-0.039933,-0.000802,-0.029850,-0.021408,0.003945,-0.023581,0.008903,-0.009904,0.001439,0.000670,-0.003060,0.007970,0.004179,0.001955
-361.749609,25.206736,9.024166,2.776477,-0.096184,-1.196446,-1.593747,-0.135758,-0.398087,-0.176261,0.029352,0.030961,0.015013,0.028227,0.006320,0.028940,0.008929,-0.007516,-0.006594,0.002681,0.002186,-0.003300,0.002767,-0.000289,-0.000269
18.169496,-24.624771,55.819729,-12.583388,10.877293,0.292612,-1.043981,1.523057,-1.572112,0.136515,0.183396,-0.003686,0.060687,-0.036535,-0.017314,0.001278,-0.031389,-0.015647,0.009073,-0.011402,0.000202,-0.000583,0.007294,-0.004704,0.000542
2228.745904,-113.889233,-2.150754,20.196122,-7.681283,0.334403,-1.391929,-0.237642,0.359180,0.014367,0.013515,-0.052197,0.009055,-0.023175,0.003432,0.022105,-0.004848,-0.008317,-0.003402,0.001614,-0.007980,0.003548,-0.001206,-0.002556,0.000070
-520.001324,27.326607,-6.186905,-3.684924,-4.980304,0.102726,-1.237889,-0.044230,0.679966,-0.167718,0.075180,0.013148,-0.075434,0.004328,0.007510,-0.046498,-0.009800,-0.024176,0.013642,0.004088,-0.005212,-0.004176,0.004781,-0.001674,0.002027
-539.924797,5.070782,-2.296145,3.049463,-4.259210,-0.083380,0.643463,-0.254903,0.073897,-0.149561,-0.020980,0.023776,0.091499,0.007730,0.001605,-0.003116,0.000061,-0.001543,-0.001360,0.000381,0.002959,-0.002084,-0.000584,0.003177,0.001542
-148.802388,65.598624,-13.551404,-15.026710,3.213190,0.528788,-2.354708,0.198761,0.896139,-0.259041,0.003962,0.013903,-0.014362,-0.016483,-0.003620,-0.009816,-0.019320,-0.007367,0.012378,-0.012325,0.001421,0.003010,-0.005320,-0.001826,-0.000642
-481.598333,-23.394003,17.726227,0.108671,-0.156766,0.878271,1.788804,0.709797,-0.367703,-0.147938,0.028733,-0.071099,-0.087106,-0.009750,-0.003391,-0.000697,-0.011138,-0.001553,0.002889,-0.000792,0.001643,0.010068,0.003711,0.003515,0.000802
-463.622928,5.708564,-3.439074,0.323801,-9.226605,0.060630,3.052262,0.016480,-0.084926,-0.195265,0.008792,-0.045314,0.020903,0.002064,0.003922,-0.011115,0.017678,-0.010835,0.000864,0.002222,0.000859,-0.001872,0.000155,0.001564,0.000179
-573.427417,-27.800981,2.319963,2.890756,-2.466977,0.703044,2.179898,0.026710,0.090337,-0.081002,-0.103770,-0.024902,0.010963,0.000086,-0.000674,-0.007002,-0.006792,0.000632,0.006686,-0.002052,0.001908,0.008249,0.000726,0.005546,0.000835
920.165919,41.559739,-2.609388,4.176167,0.492277,-2.709050,-0.857632,-0.190035,-0.177630,0.286279,-0.020241,0.086346,0.024934,-0.048373,-0.005868,-0.023220,0.000770,-0.017048,-0.010390,-0.003919,-0.004410,0.003022,-0.002254,0.003735,0.000309
450.019283,74.997597,-35.034072,5.792277,4.481147,-1.488408,0.308369,-0.347617,0.087629,0.020843,0.099471,-0.026201,0.008592,0.014155,-0.020260,0.008531,0.007678,0.008198,0.024566,0.001790,0.002714,-0.007518,-0.002598,-0.003085,-0.000482
-483.095919,-32.028600,-1.338077,-0.975377,-4.041402,0.374111,0.884606,-0.325376,0.114283,0.037633,-0.008313,0.027760,-0.000762,0.016092,-0.011692,0.018337,-0.001280,0.012768,-0.000638,-0.004340,0.004256,0.001657,-0.004795,0.000459,-0.000926
-393.546230,28.518545,-5.911790,-4.079878,-14.857072,-1.942932,-1.828495,-0.416660,0.033185,-0.055793,0.064723,-0.043972,0.005352,0.010739,-0.003214,0.006344,-0.005432,-0.001661,-0.006875,-0.001084,0.000370,-0.001709,-0.002842,-0.000961,-0.002061
1193.494114,18.046253,-36.366408,18.207180,-0.369421,-0.320606,-0.000730,0.163544,-0.483123,0.080098,0.032144,0.041751,0.000046,-0.022387,-0.003198,-0.016564,0.020531,0.015326,0.000974,0.021993,0.000418,-0.007324,0.007717,-0.000101,-0.000610
911.299182,128.888330,-21.975189,10.394035,-0.167385,0.440612,-1.322254,-0.209074,-0.360064,0.020244,0.015066,0.006175,0.061964,0.008653,0.004075,-0.001130,0.015049,-0.003355,0.001534,-0.000889,0.001425,-0.003320,-0.000821,-0.001377,0.000665
-405.729908,-20.093115,4.735401,0.369886,-3.533384,0.029013,2.856757,0.257047,-0.319901,-0.033431,-0.034307,0.026021,0.044218,0.008837,0.009555,-0.022253,0.012044,-0.000761,-0.007209,-0.008934,-0.003037,-0.001372,-0.000381,0.001836,-0.000204
-538.230903,25.801707,35.099903,3.078217,2.373376,-2.260106,-1.462811,0.716397,-0.127882,-0.101379,0.081000,0.012903,0.017035,-0.069763,-0.041046,0.022342,0.005760,-0.018385,-0.014247,-0.008262,-0.011565,0.019308,-0.005099,-0.004592,0.002575
-100.527604,52.355093,-17.501921,-17.916546,5.955920,1.996486,-2.316054,-0.138951,1.432265,-0.023777,0.192077,-0.039708,-0.058039,-0.016237,-0.029731,0.006231,0.022418,-0.022689,-0.007474,-0.004285,0.005508,-0.008081,0.006426,0.002698,0.001187
-595.139114,-4.331778,5.769578,9.823005,5.148893,-0.172990,-0.161831,-0.123503,0.079758,-0.041118,-0.017758,-0.004200,0.036429,-0.002800,-0.012015,0.004452,-0.002541,0.000861,-0.010568,-0.003722,-0.000396,0.000449,0.001482,-0.000936,0.000646
-156.286040,24.684691,-12.456335,-12.330942,0.665793,3.424505,-0.231210,-0.524047,0.657957,-0.289521,0.186554,0.011601,0.053950,-0.004754,-0.006353,0.019308,-0.013574,-0.004604,-0.009729,0.010038,-0.001451,0.004872,-0.000683,-0.000781,0.000171
821.448202,-12.751717,11.454276,-26.904905,7.830829,6.280197,-1.998949,0.814485,-0.193558,-0.165288,0.188535,0.169266,0.038540,0.025809,0.031693,-0.019174,-0.001430,0.017410,-0.001659,-0.015344,-0.015297,-0.002585,0.006171,-0.001443,-0.004430
-558.094574,4.964193,-2.680607,9.977959,10.155906,0.649658,-0.375292,-0.384796,0.269163,-0.096338,-0.014944,0.056873,0.054547,0.027173,0.005088,-0.005728,-0.003156,-0.008791,-0.005067,0.001577,0.003675,0.001544,-0.001971,0.004862,0.000006
-397.667335,23.536446,-3.606366,-3.859220,-15.598410,-1.713073,-2.126360,-0.589310,-0.103008,-0.153831,-0.021165,-0.012037,0.010845,-0.007378,-0.007412,-0.006982,-0.005891,0.001767,-0.009497,-0.001634,0.001542,-0.002179,0.002300,0.000239,0.000663
-13.711505,36.647870,-24.164450,-24.246129,-9.301985,2.208776,-0.348307,-0.903151,1.087894,0.272587,0.241747,-0.061567,0.017160,0.062779,-0.061405,0.021049,0.028209,-0.014829,0.018914,0.003338,-0.011526,0.013460,0.002848,-0.003289,0.006191
-204.629855,134.485444,71.355024,-6.203741,-4.766018,-4.629362,-3.185423,1.822574,-0.895993,-0.271886,0.338417,0.125195,-0.024592,0.000721,-0.073531,0.037462,-0.015840,-0.013495,-0.005186,0.009788,0.022032,0.008113,-0.015019,0.012218,0.001129
2329.798481,-408.159895,57.169397,25.034445,0.609125,-4.294959,2.213800,-0.268189,0.588493,-0.497637,0.221692,0.025833,0.025827,-0.022369,-0.004139,-0.000067,0.001834,0.009346,0.009365,0.002253,-0.001026,-0.006031,0.002083,-0.002731,-0.001308
-676.145197,-11.383784,4.910908,6.492159,-4.575292,-0.370411,-0.037412,-0.135009,0.343210,-0.096081,-0.032726,-0.036720,-0.023665,-0.026832,-0.014473,-0.003549,-0.014589,0.006393,0.005160,0.000628,0.002395,0.005097,0.003950,0.000308,0.000179
202.995112,69.271180,-34.455016,-1.679092,1.080580,2.290404,-0.715647,-0.923999,-0.434505,-0.083653,0.042586,0.130828,0.130133,0.059913,0.025170,-0.003219,-0.018323,-0.003587,0.008362,0.002266,0.006792,0.001940,-0.007811,0.009195,0.004152
-577.842893,-32.476645,8.202530,8.633170,4.428451,1.303654,0.598010,0.020959,-0.269908,-0.046463,-0.041918,-0.003844,-0.006565,0.020645,0.001978,-0.015328,-0.016479,-0.017837,-0.003655,0.007480,0.002754,-0.007459,-0.005406,0.000313,-0.000226
1049.208300,36.539209,-20.716284,-23.971494,-1.079832,4.095790,-1.509661,-0.703917,0.349652,0.203058,-0.017393,0.049282,-0.036561,-0.001976,0.052844,0.052115,0.003923,-0.033946,-0.003935,-0.010156,0.007080,0.000700,0.004304,-0.001405,0.002960
-134.561589,73.093958,-13.587269,2.199033,2.218798,-1.170100,0.826137,-0.094966,-0.108129,-0.242853,0.001864,0.047997,-0.023104,-0.018073,0.010862,0.013781,0.008573,0.006022,-0.000493,-0.004401,0.003280,0.005247,-0.000608,0.000546,-0.001073
500.556218,47.020058,-23.824450,0.376497,1.990173,-1.250196,-1.059022,-0.290463,-0.209652,0.073279,-0.019024,0.075823,-0.016415,-0.044540,-0.002692,-0.004257,0.010722,0.005171,-0.013579,-0.001078,0.002293,0.001564,-0.001017,-0.000470,-0.001566
229.099516,-16.072672,-16.995765,-3.173611,-6.272744,-0.080299,1.176932,-0.288192,-0.530920,-0.222229,-0.010954,-0.001381,0.013344,0.014251,0.016320,-0.007536,-0.009681,0.004947,0.014124,0.015481,-0.000081,-0.001758,-0.001198,-0.000104,0.000619
-378.534955,-1.409830,-4.553636,-1.812428,-8.317464,-1.204524,-0.509839,-0.440572,0.032128,0.182009,0.080962,0.024824,-0.041576,0.030438,-0.034402,-0.025365,0.005719,-0.002373,-0.006870,0.003579,0.002851,0.001524,0.000619,0.000697,-0.000271
-481.803931,5.048411,-3.333565,7.869316,5.162743,0.007229,1.259874,-0.170079,0.032153,-0.102851,-0.014973,-0.011971,-0.017941,-0.002570,-0.002852,-0.004698,-0.003416,-0.002523,-0.005589,0.006695,-0.000910,0.000659,0.001553,0.001460,-0.000957
-346.489145,27.030763,-9.319372,5.508983,3.064933,-0.675898,0.061863,-0.449842,-0.122672,-0.167226,-0.046432,0.049084,-0.012831,0.029851,0.024027,0.016148,-0.007200,-0.001327,-0.003750,0.015531,0.006182,-0.000558,0.001630,0.002625,-0.000010
-267.228428,13.509468,-5.906015,2.614308,7.128902,-0.108758,0.365233,-0.140047,0.026362,-0.084050,0.038461,-0.030665,0.037503,-0.023165,-0.022226,-0.003655,0.003782,0.005974,-0.006801,-0.002377,-0.001873,-0.002993,-0.001574,-0.002845,0.000131
1.732210,30.357533,0.058284,-6.477266,-13.774136,-1.568116,-1.892834,-0.338839,-0.569754,-0.133975,0.037279,0.001864,0.096253,0.023050,0.002353,0.009443,-0.006329,0.002242,-0.005209,-0.000494,-0.001803,-0.000305,0.003388,-0.000977,-0.000394
-240.472843,3.945394,-8.578944,1.561486,-0.661412,0.313761,1.297636,-0.284057,-0.415659,-0.174677,0.012265,-0.060245,-0.013917,0.026293,0.016820,0.006753,0.009880,-0.006716,0.004588,-0.001693,0.001580,-0.001815,0.002458,0.001348,0.000178
-462.867686,14.550508,-9.017683,2.427104,-3.961729,-0.606473,1.750245,-0.209540,0.200257,-0.111615,0.038943,0.015696,0.013183,0.012227,-0.013115,-0.013749,-0.000535,-0.007535,0.007253,-0.005162,0.005538,0.000293,-0.005234,0.003335,-0.000717
-468.510386,-6.558338,1.174593,6.102412,8.234604,-0.542002,-0.792077,-0.286829,0.027297,0.023858,-0.046309,-0.019782,0.001171,0.003740,-0.020117,0.011677,-0.019838,0.015647,0.004043,-0.001790,0.001630,0.002442,-0.001238,-0.000993,-0.000582
381.626863,119.467419,-16.108264,9.138995,6.728254,0.045511,1.352684,0.213940,-0.609376,-0.141357,0.059267,-0.008266,-0.080593,0.019562,0.011052,0.001355,-0.008985,-0.006581,0.011710,-0.001288,0.003767,-0.002761,0.000005,-0.002865,-0.000716
-88.359097,-6.071600,8.899595,0.954464,11.321421,0.378177,-0.344589,0.110568,-0.470734,-0.103289,0.021084,-0.002772,0.044267,-0.005755,-0.006106,0.007068,0.012900,0.005452,-0.012285,-0.008106,0.001983,0.002946,-0.000133,-0.000328,-0.000691
531.041724,193.911021,-10.975182,-8.323682,-6.061313,-1.636586,-0.900464,1.632444,0.469719,-0.280716,-0.166786,-0.000452,-0.036085,-0.036507,-0.026188,-0.012403,-0.033978,-0.012197,-0.005571,0.013880,-0.030463,0.008617,-0.005325,0.004070,-0.006520
-171.136058,-23.717443,-11.676403,-2.762978,8.788884,0.810301,-0.344418,-0.744015,-0.124586,0.063134,-0.126691,-0.009214,-0.089145,-0.005320,0.011353,-0.006333,0.006049,0.002362,0.002819,0.006404,0.001874,0.003152,0.003454,-0.004009,-0.000141
-410.585673,39.087000,-6.836983,7.491164,5.855342,-2.722973,-0.141100,-0.430253,0.300209,-0.018654,-0.044366,0.016425,-0.037004,0.025037,0.015079,0.001938,-0.000093,0.012296,0.012283,0.019226,0.000405,0.004264,0.001482,-0.002041,-0.000946
-362.195285,16.644790,-3.038631,-2.134984,-9.661866,-1.212431,-1.045902,-0.462313,-0.250070,-0.181932,-0.025165,0.004433,-0.010532,-0.012026,0.006405,0.007085,0.006573,-0.000921,-0.005417,-0.003110,0.005493,-0.002557,-0.002390,0.000422,-0.001473
49.064490,-2.192594,-20.927690,1.517872,7.424970,-0.141218,-1.192530,-0.595590,0.011287,0.062302,-0.028979,0.031420,0.004653,0.034296,-0.019630,-0.008253,-0.025091,0.009715,-0.014516,0.010659,0.002497,-0.004284,-0.003798,-0.000414,0.000636
-378.583729,8.225792,2.412695,5.030323,8.419149,-0.500634,-0.333101,0.061692,-0.086916,0.011329,0.016038,0.023351,-0.040732,0.017852,-0.001239,-0.013300,-0.003231,0.003927,-0.007340,0.002219,-0.000126,0.001208,-0.001711,0.000889,-0.001171
-850.582366,-38.161155,23.762389,11.423698,-6.457799,1.063679,-1.525607,0.629330,0.252011,0.004204,-0.032348,0.061429,0.073854,0.006106,-0.019245,0.033650,0.000938,-0.000400,-0.000494,-0.002205,-0.011840,-0.000666,0.023783,-0.015457,-0.002827
1023.766451,114.916543,-29.002729,0.588510,-2.108269,1.326352,1.358561,0.215305,0.469985,-0.046968,-0.083237,-0.090738,-0.044940,-0.001312,-0.004954,0.008047,0.011337,0.004245,-0.002071,0.005311,0.001814,-0.001081,0.006887,0.003167,0.000589
2001.620174,176.691668,-39.936150,2.274334,-4.504912,5.388956,-0.697045,1.113783,0.721967,0.048236,-0.177944,0.006192,-0.133041,-0.029444,0.025801,0.008649,-0.000632,-0.007250,0.002158,0.001050,0.006229,-0.006601,-0.005965,-0.002862,-0.000710
731.956685,6.405248,-14.498367,1.388563,8.460353,-1.036278,-1.021277,-0.040923,-0.144524,0.444432,0.104955,0.005447,0.016797,0.021422,-0.055734,-0.005160,-0.009950,0.011465,-0.002671,-0.015703,-0.003276,-0.002978,-0.001232,0.000711,-0.001056
-424.681915,4.751100,9.092101,-5.861898,7.696289,1.083544,-0.865264,1.840560,0.249710,0.039705,0.193219,0.029357,0.010417,0.025333,0.008598,-0.013443,-0.000086,0.013071,-0.008786,0.004756,0.000036,0.000811,0.000059,0.006783,-0.001412
-567.705472,-0.071245,0.875171,5.231757,1.042849,0.247728,1.085220,-0.239873,0.217468,-0.088573,-0.004122,-0.008363,-0.002738,-0.014477,-0.001062,-0.010203,0.010294,-0.011203,0.000933,-0.009739,-0.000601,0.006206,-0.000873,0.004270,-0.000184
337.314585,44.495005,4.126778,-1.913725,2.127455,0.124278,-0.935966,-0.397882,-0.583336,-0.155212,0.049112,0.016227,0.078574,0.006279,0.005835,0.010138,0.011614,-0.001233,0.000993,0.001890,-0.002728,0.000728,-0.001772,0.000714,0.000173
328.833444,-65.420258,-27.655865,-1.994510,4.319825,-1.095096,1.644095,-0.197018,0.071261,0.272458,-0.078512,0.107014,-0.010203,0.044278,-0.002723,-0.014949,-0.001589,-0.008776,-0.011615,0.010931,0.002594,0.013602,-0.000722,0.000465,0.002219
1125.940769,-124.517864,-34.527756,9.926698,3.740724,-1.379088,-1.275559,0.106695,-0.753954,0.297001,0.008483,0.003762,0.008648,0.000646,-0.010125,-0.002722,-0.008398,0.002550,0.002006,0.002278,0.001698,-0.002016,0.002067,0.005448,-0.000087
818.768022,33.383795,-38.073449,3.344494,0.951123,-0.108122,2.507514,0.050514,-0.615700,0.282588,-0.090650,0.007981,-0.003639,-0.014092,0.012382,-0.019479,0.002026,-0.001965,0.000399,-0.013376,0.008151,-0.005526,0.004114,0.004670,0.001680
-598.738897,1.968307,16.518446,7.560077,6.249960,-1.898877,-0.251550,-0.118947,0.335820,-0.028074,-0.060922,0.011333,-0.056889,-0.045409,0.004025,0.001376,0.005759,0.004993,0.006318,-0.018698,-0.009181,0.007133,-0.005071,0.003550,0.005130
-23.580830,125.858582,-30.285044,2.249418,6.800594,-2.177162,-0.372511,-0.356886,0.400563,-0.134012,-0.076999,0.049457,0.031171,0.003044,-0.004782,0.000486,0.010108,0.020838,0.022124,0.010284,0.005637,0.000113,-0.002169,-0.004623,0.000699
-461.665727,10.873586,0.234091,4.494734,3.756331,-0.583298,-0.559762,-0.238158,0.070692,-0.082117,0.019659,-0.000427,-0.015995,0.023591,0.011734,0.006232,0.003363,-0.009523,-0.000476,-0.012282,0.001296,-0.005085,-0.001322,-0.000823,-0.001168
-851.604292,-58.205355,16.108910,7.574262,-12.006208,1.763780,0.657115,0.257833,0.643417,0.532166,0.093639,0.017040,-0.010390,0.015636,0.011017,0.029496,0.016863,0.004638,0.000861,0.025151,-0.005709,-0.013209,-0.002602,-0.003258,0.000124
-596.398872,3.286326,-0.815567,4.437843,-5.657420,-0.207402,0.015313,-0.273608,0.158750,-0.199328,-0.027634,-0.004681,0.014280,0.009727,0.006598,0.004875,-0.000585,-0.010319,0.002467,0.009153,0.002918,0.001083,-0.000666,0.002925,0.000008
56.476267,90.770979,-27.081873,4.293767,6.687905,-0.263137,0.399154,-0.296819,-0.136569,-0.098209,0.033871,-0.015432,0.014348,0.007865,-0.008758,0.005323,0.006289,0.010303,0.010104,-0.000787,-0.000992,0.002320,-0.000673,0.000748,-0.001067
2509.899249,-667.434511,25.124875,12.197248,-15.274788,-5.620263,0.896646,0.792963,0.903256,-0.766764,0.172159,0.020481,0.038963,0.007013,0.014372,0.017487,-0.013287,-0.001799,0.008907,0.008330,0.002404,0.000293,0.001509,-0.003025,-0.001614
2290.707330,745.856936,344.615265,3.242237,-7.396257,5.325820,4.001978,-1.926798,-1.236884,0.497229,-0.031950,0.064198,-0.076024,0.029461,-0.049055,-0.003524,-0.012491,-0.008299,0.007765,0.004645,0.014452,0.001926,0.005930,-0.003501,-0.004313
1406.695502,309.997147,-44.761987,5.327781,-10.573736,2.709316,-1.433805,0.316967,1.339862,0.222714,-0.140599,-0.149867,0.062405,0.004749,-0.026437,-0.008491,0.011780,0.012693,-0.015278,0.000866,-0.003572,-0.000707,0.004878,0.008726,0.002265
36.970219,-7.602400,-2.720451,-7.566426,14.504848,-0.442212,0.237636,-0.298183,0.391037,0.177503,0.074153,0.096975,0.082013,-0.026569,0.011815,-0.015776,0.016015,-0.017481,0.008121,-0.015105,0.003449,-0.005153,0.003985,-0.001482,0.002327
-564.341476,-48.653395,8.332228,-3.507824,-7.493955,2.705222,0.593833,-0.067603,-0.267021,-0.029479,-0.023541,-0.045560,0.021817,0.006849,0.010709,0.001684,0.026018,0.007083,-0.008337,-0.003918,-0.001813,-0.000468,0.000642,0.002858,0.000463
-149.463880,-14.956222,-0.430152,-2.240910,6.132006,-0.701446,-0.234560,-0.401846,-0.047257,0.073861,-0.045581,0.003290,-0.013034,-0.006347,-0.002467,0.003591,0.000405,0.008460,-0.003705,-0.013452,0.003391,0.000813,0.003368,0.001103,0.000378
-471.055488,-20.326931,31.983403,0.245920,0.278490,-0.319387,-0.245027,0.707232,-0.534825,-0.086656,0.023295,-0.029233,-0.044945,-0.013297,-0.024101,-0.003076,0.007038,-0.012594,0.000280,0.000681,0.000790,0.011245,-0.001674,0.002513,0.001076
-356.861173,4.597244,-8.766970,-4.502632,12.473603,3.285173,-1.205645,-0.474145,0.734218,0.129049,0.336063,-0.004964,-0.091217,0.036009,-0.024261,0.006800,0.012037,0.004077,0.001923,0.001080,-0.007228,0.004568,-0.000501,-0.001490,-0.001335
-313.826267,-64.142707,-2.760689,-10.104809,-11.477656,-2.305910,4.619568,0.657798,0.560368,0.895171,0.248744,0.219232,-0.137321,0.054311,-0.037812,0.020584,-0.003782,-0.016933,0.000416,0.028845,-0.004881,0.013897,-0.004811,-0.005565,0.003955
314.691029,-104.518970,-20.119096,-2.307864,-2.162465,0.063510,2.498942,-0.149671,-0.517083,-0.015745,-0.003370,0.059303,-0.023288,0.001201,0.019351,-0.019405,-0.012184,-0.001008,-0.007991,-0.004199,-0.001125,0.006366,0.000791,0.002544,0.000173
-394.940315,-26.528581,-3.904610,-3.457877,-6.859304,1.299068,0.513276,-0.499180,-0.154038,-0.164998,-0.048322,0.005812,0.015118,0.021200,0.010872,-0.009351,-0.014557,-0.002996,-0.003068,0.006364,0.000837,-0.000202,-0.002896,0.001989,0.000227
-786.387259,-53.016261,32.363453,8.482315,1.789968,2.394187,-2.115725,1.545988,-0.182923,0.120522,0.019779,0.005483,-0.015207,0.005184,-0.013278,-0.008226,0.019730,-0.024696,-0.003252,-0.005339,0.001648,-0.001315,-0.003412,-0.000111,0.001097
-193.524880,60.259646,-8.591260,3.586406,8.833597,-1.112708,-0.238263,-0.178311,-0.105093,-0.120004,-0.004361,-0.009329,0.004739,-0.034333,-0.002750,0.008069,-0.018340,-0.006931,0.005202,0.005297,-0.006097,0.008633,-0.001737,-0.004758,-0.000734
1118.342703,55.524242,-38.091219,2.953244,-12.390347,1.197992,-0.610429,0.031270,-0.015584,-0.077270,0.034778,-0.040892,-0.029828,0.012547,0.008819,0.009590,-0.011337,-0.004706,0.007536,0.007425,0.000165,0.002498,0.004391,0.002728,0.000994
576.643943,20.692820,11.940098,-4.799199,3.666481,-0.783908,-0.514371,0.018020,-0.377116,-0.144152,-0.042966,0.009353,0.050266,0.000959,0.009549,0.003345,0.006468,0.014787,0.002068,0.002431,-0.000599,0.000011,0.001336,-0.004347,0.000040
370.611528,3.139193,1.759790,-1.111661,2.273842,-0.730566,0.904148,0.166441,-0.457997,-0.089014,-0.017257,-0.007839,-0.001780,0.002762,0.001957,-0.017734,0.019837,0.002442,-0.006100,-0.000032,-0.005754,0.002122,0.001013,-0.001730,0.000814
-245.841625,-7.826619,-12.779307,-6.635686,2.301286,1.112598,-1.552743,-1.154152,0.417793,0.045347,0.065552,-0.026250,-0.036386,-0.062027,-0.047699,-0.028720,0.014954,0.010777,0.000592,0.006903,0.002552,-0.005716,0.011032,-0.002614,-0.004186
-185.996010,-77.386738,1.417925,-2.299247,7.464677,-1.230325,1.000345,-0.235153,0.084851,0.429949,-0.021926,-0.132146,-0.021527,-0.026747,-0.026495,0.017891,-0.011363,-0.005305,0.014180,0.024246,-0.009379,0.005920,0.005245,0.002774,-0.000321
1343.338050,22.898217,-39.100464,8.358434,-2.103990,-3.018145,-0.305172,0.577761,0.382642,0.399683,0.018959,0.073706,0.016068,-0.000298,-0.009409,0.019563,-0.005880,-0.034861,-0.005481,-0.005587,0.002035,0.008912,-0.005822,0.000104,-0.001136
-639.404536,-15.137058,14.952268,8.149613,1.605687,0.211246,-0.309024,0.246564,-0.068042,-0.093344,-0.031838,0.018470,0.023753,0.037823,0.002074,0.022227,0.011317,-0.011719,-0.007895,-0.007918,-0.001336,0.000177,0.007751,-0.002882,-0.002934
-200.924319,79.678553,-15.390172,-5.426891,-1.598332,-1.395182,-1.561075,-0.109729,0.514703,-0.106990,0.033351,-0.027956,-0.056058,0.033804,0.009646,-0.020614,-0.003134,0.011746,0.012668,-0.006725,0.003703,0.001609,-0.000195,0.003787,-0.000609
559.385285,-77.607410,35.015685,-13.364862,15.927193,-0.241436,-0.282595,0.329237,-0.375606,0.031562,-0.240411,-0.019082,0.076719,-0.052842,0.013250,-0.003619,0.052913,-0.006150,-0.001147,0.013381,0.001014,-0.005627,-0.004872,-0.000974,0.000368
-203.566744,-29.412595,-12.206891,-2.125130,-4.210201,0.275096,0.356769,-0.524231,-0.310243,-0.036793,-0.037032,-0.017428,0.007537,0.017170,-0.000240,-0.024137,0.025163,-0.001697,-0.002459,-0.004049,0.004080,0.002648,0.005033,0.004922,-0.000876
1113.004550,-72.168912,-12.812170,8.054426,2.000364,-4.204734,0.041552,-0.051851,-0.198654,0.720135,0.123186,-0.013680,-0.113890,0.025564,-0.033018,0.004689,0.004997,0.008912,-0.002399,0.007707,-0.002762,-0.014154,0.012203,0.001169,0.002585
2221.080510,-199.514045,-9.414869,14.518653,-8.396105,-1.272810,-1.891511,0.810925,0.410995,-0.036128,0.146080,0.059174,0.014322,-0.015694,-0.038465,-0.006598,0.006904,0.015585,0.013360,-0.000914,0.006607,-0.004558,-0.004576,-0.004706,-0.002660
753.146059,-178.517482,-15.544898,-4.692995,-1.754846,-2.302882,-0.285844,-0.228840,-0.146690,0.423018,-0.011376,0.136771,-0.138722,0.043664,0.020529,0.017045,0.007357,-0.000606,-0.020111,0.001428,-0.002987,0.008013,0.006920,-0.000181,0.000732